[{"model": "contenttypes.contenttype", "pk": 1, "fields": {"app_label": "admin", "model": "logentry"}}, {"model": "contenttypes.contenttype", "pk": 2, "fields": {"app_label": "auth", "model": "permission"}}, {"model": "contenttypes.contenttype", "pk": 3, "fields": {"app_label": "auth", "model": "group"}}, {"model": "contenttypes.contenttype", "pk": 4, "fields": {"app_label": "contenttypes", "model": "contenttype"}}, {"model": "contenttypes.contenttype", "pk": 5, "fields": {"app_label": "sessions", "model": "session"}}, {"model": "contenttypes.contenttype", "pk": 6, "fields": {"app_label": "api", "model": "task"}}, {"model": "contenttypes.contenttype", "pk": 7, "fields": {"app_label": "users", "model": "newuser"}}, {"model": "contenttypes.contenttype", "pk": 8, "fields": {"app_label": "token_blacklist", "model": "blacklistedtoken"}}, {"model": "contenttypes.contenttype", "pk": 9, "fields": {"app_label": "token_blacklist", "model": "outstandingtoken"}}, {"model": "contenttypes.contenttype", "pk": 10, "fields": {"app_label": "shopping", "model": "item"}}, {"model": "contenttypes.contenttype", "pk": 11, "fields": {"app_label": "shopping", "model": "order"}}, {"model": "contenttypes.contenttype", "pk": 12, "fields": {"app_label": "food_delivery", "model": "fooditem"}}, {"model": "contenttypes.contenttype", "pk": 13, "fields": {"app_label": "food_delivery", "model": "foodorder"}}, {"model": "contenttypes.contenttype", "pk": 14, "fields": {"app_label": "food_delivery", "model": "foodavatar"}}, {"model": "contenttypes.contenttype", "pk": 15, "fields": {"app_label": "food_delivery", "model": "address"}}, {"model": "contenttypes.contenttype", "pk": 16, "fields": {"app_label": "food_delivery", "model": "csv"}}, {"model": "contenttypes.contenttype", "pk": 17, "fields": {"app_label": "food_delivery", "model": "salesdata"}}, {"model": "contenttypes.contenttype", "pk": 18, "fields": {"app_label": "food_delivery", "model": "fakedata"}}, {"model": "contenttypes.contenttype", "pk": 19, "fields": {"app_label": "food_delivery", "model": "fakedata2"}}, {"model": "sessions.session", "pk": "1q4i8q7uwyqt6ypkmxu9dk51dd7xbv4v", "fields": {"session_data": "ODljMDY3ZGM4NzdlM2U5ZGI2OTE3NjNhNWE1ODU0Y2E4MDUwMjdmZjp7Il9hdXRoX3VzZXJfaWQiOiIxIiwiX2F1dGhfdXNlcl9iYWNrZW5kIjoiZGphbmdvLmNvbnRyaWIuYXV0aC5iYWNrZW5kcy5Nb2RlbEJhY2tlbmQiLCJfYXV0aF91c2VyX2hhc2giOiJhOTNjZjYzODQ3MjdlMTMzOTliYzE5ZjZmMDIxMTYwOTE5NzE4NDJlIn0=", "expire_date": "2021-02-10T14:24:47.457Z"}}, {"model": "sessions.session", "pk": "2z37zoib5xqv63kol2ude573kx21gx5n", "fields": {"session_data": "ODljMDY3ZGM4NzdlM2U5ZGI2OTE3NjNhNWE1ODU0Y2E4MDUwMjdmZjp7Il9hdXRoX3VzZXJfaWQiOiIxIiwiX2F1dGhfdXNlcl9iYWNrZW5kIjoiZGphbmdvLmNvbnRyaWIuYXV0aC5iYWNrZW5kcy5Nb2RlbEJhY2tlbmQiLCJfYXV0aF91c2VyX2hhc2giOiJhOTNjZjYzODQ3MjdlMTMzOTliYzE5ZjZmMDIxMTYwOTE5NzE4NDJlIn0=", "expire_date": "2021-01-27T05:41:03.286Z"}}, {"model": "food_delivery.foodavatar", "pk": 17, "fields": {"imagefile": "upload_pics/1028_vEvsagy.png"}}, {"model": "food_delivery.foodavatar", "pk": 18, "fields": {"imagefile": "upload_pics/2100_I9AEOs7.png"}}, {"model": "food_delivery.foodavatar", "pk": 19, "fields": {"imagefile": "upload_pics/1002_daOUxkL.png"}}, {"model": "food_delivery.foodavatar", "pk": 20, "fields": {"imagefile": "upload_pics/2509_jTM8AYb.png"}}, {"model": "food_delivery.foodavatar", "pk": 21, "fields": {"imagefile": "upload_pics/2100_R9VAUM1.png"}}, {"model": "food_delivery.foodavatar", "pk": 22, "fields": {"imagefile": "upload_pics/2509_uPuKJ4q.png"}}, {"model": "food_delivery.foodavatar", "pk": 23, "fields": {"imagefile": "upload_pics/2509_bcrQafn.png"}}, {"model": "food_delivery.foodavatar", "pk": 24, "fields": {"imagefile": "upload_pics/2509_IZM9Wws.png"}}, {"model": "food_delivery.foodavatar", "pk": 25, "fields": {"imagefile": "upload_pics/2509_ekGQ4ad.png"}}, {"model": "food_delivery.foodavatar", "pk": 26, "fields": {"imagefile": "upload_pics/2112_GbCMu1H.png"}}, {"model": "food_delivery.foodavatar", "pk": 27, "fields": {"imagefile": "upload_pics/1003_7kEZZBL.png"}}, {"model": "food_delivery.foodavatar", "pk": 28, "fields": {"imagefile": "upload_pics/1003_fELP0H4.png"}}, {"model": "food_delivery.foodavatar", "pk": 29, "fields": {"imagefile": "upload_pics/1002_6tSJUwR.png"}}, {"model": "food_delivery.foodavatar", "pk": 30, "fields": {"imagefile": "upload_pics/2509_qd0byxR.png"}}, {"model": "food_delivery.foodavatar", "pk": 31, "fields": {"imagefile": "upload_pics/2110.png"}}, {"model": "food_delivery.foodavatar", "pk": 32, "fields": {"imagefile": "default.jpg"}}, {"model": "food_delivery.foodavatar", "pk": 33, "fields": {"imagefile": "upload_pics/2100_7CMJ6zz.png"}}, {"model": "food_delivery.foodavatar", "pk": 34, "fields": {"imagefile": "upload_pics/2100_xIPRKLb.png"}}, {"model": "food_delivery.foodavatar", "pk": 35, "fields": {"imagefile": "upload_pics/2100_Wc8948s.png"}}, {"model": "food_delivery.foodavatar", "pk": 36, "fields": {"imagefile": "upload_pics/2100_TgRdcjX.png"}}, {"model": "food_delivery.foodavatar", "pk": 37, "fields": {"imagefile": "upload_pics/2112_2CDJDgP.png"}}, {"model": "food_delivery.foodavatar", "pk": 38, "fields": {"imagefile": "upload_pics/1003_znk68IX.png"}}, {"model": "food_delivery.foodavatar", "pk": 39, "fields": {"imagefile": "upload_pics/2100_03CcJBm.png"}}, {"model": "food_delivery.foodavatar", "pk": 40, "fields": {"imagefile": "upload_pics/1028_IwVvaDb.png"}}, {"model": "food_delivery.foodavatar", "pk": 41, "fields": {"imagefile": "upload_pics/1003_4Htt9rm.png"}}, {"model": "food_delivery.foodavatar", "pk": 42, "fields": {"imagefile": "upload_pics/1002_uvjFWKY.png"}}, {"model": "food_delivery.foodavatar", "pk": 43, "fields": {"imagefile": "upload_pics/2509_SDg7PyR.png"}}, {"model": "food_delivery.foodavatar", "pk": 44, "fields": {"imagefile": "upload_pics/2110_fVnMdIa.png"}}, {"model": "food_delivery.foodavatar", "pk": 45, "fields": {"imagefile": "upload_pics/2112_cbxw8oO.png"}}, {"model": "food_delivery.foodavatar", "pk": 46, "fields": {"imagefile": "upload_pics/1101.png"}}, {"model": "food_delivery.foodavatar", "pk": 47, "fields": {"imagefile": "upload_pics/8114.png"}}, {"model": "food_delivery.foodavatar", "pk": 48, "fields": {"imagefile": "upload_pics/7976.png"}}, {"model": "food_delivery.csv", "pk": 1, "fields": {"file_name": "upload_pics/test.csv", "uploaded": "2021-01-27T14:38:24.908Z", "activated": false}}, {"model": "food_delivery.csv", "pk": 2, "fields": {"file_name": "upload_pics/test_S0GNgWZ.csv", "uploaded": "2021-01-27T14:44:14.580Z", "activated": false}}, {"model": "food_delivery.fooditem", "pk": 1, "fields": {"avatar": 40, "name": "McChicken", "price": "RM8.49", "category": "Burgers", "cartadded": false, "ordered": false, "order_id": "202102020739188764"}}, {"model": "food_delivery.fooditem", "pk": 2, "fields": {"avatar": 39, "name": "Coca-Cola", "price": "RM4.53", "category": "Beverages", "cartadded": false, "ordered": false, "order_id": "202102020739188764"}}, {"model": "food_delivery.fooditem", "pk": 3, "fields": {"avatar": 41, "name": "Double Cheeseburger", "price": "RM10.37", "category": "Burgers", "cartadded": false, "ordered": false, "order_id": "202102020342352802"}}, {"model": "food_delivery.fooditem", "pk": 4, "fields": {"avatar": 42, "name": "Filet-O-Fish", "price": "RM8.96", "category": "Burgers", "cartadded": false, "ordered": false, "order_id": "202101300508236541"}}, {"model": "food_delivery.fooditem", "pk": 5, "fields": {"avatar": 43, "name": "100 Plus", "price": "RM4.53", "category": "Beverages", "cartadded": false, "ordered": false, "order_id": "202101300508236541"}}, {"model": "food_delivery.fooditem", "pk": 6, "fields": {"avatar": 44, "name": "Iced Lemon Tea", "price": "RM5.94", "category": "Beverages", "cartadded": false, "ordered": false, "order_id": "202102020342352802"}}, {"model": "food_delivery.fooditem", "pk": 7, "fields": {"avatar": 48, "name": "Ayam Goreng McD (5pcs)", "price": "RM30.19", "category": "not set", "cartadded": false, "ordered": true, "order_id": "202102021032538302"}}, {"model": "food_delivery.fooditem", "pk": 8, "fields": {"avatar": 47, "name": "OREO McFlurry", "price": "RM6.60", "category": "not set", "cartadded": false, "ordered": true, "order_id": "202102060328421294"}}, {"model": "food_delivery.fooditem", "pk": 9, "fields": {"avatar": 46, "name": "French Fries", "price": "RM5.19", "category": "Burgers", "cartadded": false, "ordered": false, "order_id": "202102020739188764"}}, {"model": "food_delivery.fooditem", "pk": 10, "fields": {"avatar": 45, "name": "Milo", "price": "RM7.08", "category": "Beverages", "cartadded": false, "ordered": true, "order_id": "202102060328421294"}}, {"model": "food_delivery.salesdata", "pk": 1, "fields": {"x": "Jan", "y": 2}}, {"model": "food_delivery.salesdata", "pk": 2, "fields": {"x": "Feb", "y": 0}}, {"model": "food_delivery.salesdata", "pk": 3, "fields": {"x": "Mar", "y": 0}}, {"model": "food_delivery.salesdata", "pk": 4, "fields": {"x": "Apr", "y": 0}}, {"model": "food_delivery.salesdata", "pk": 5, "fields": {"x": "May", "y": 0}}, {"model": "food_delivery.salesdata", "pk": 6, "fields": {"x": "Jun", "y": 0}}, {"model": "food_delivery.salesdata", "pk": 7, "fields": {"x": "Jul", "y": 0}}, {"model": "food_delivery.salesdata", "pk": 8, "fields": {"x": "Aug", "y": 0}}, {"model": "food_delivery.salesdata", "pk": 9, "fields": {"x": "Sep", "y": 0}}, {"model": "food_delivery.salesdata", "pk": 10, "fields": {"x": "Oct", "y": 0}}, {"model": "food_delivery.salesdata", "pk": 11, "fields": {"x": "Nov", "y": 0}}, {"model": "food_delivery.salesdata", "pk": 12, "fields": {"x": "Dec", "y": 0}}, {"model": "food_delivery.fakedata2", "pk": 1, "fields": {"salesData": [1, 2, 3, 4, 5, 6, 7, 8, 9, 10, 11, 12]}}, {"model": "token_blacklist.blacklistedtoken", "pk": 1, "fields": {"token": 1, "blacklisted_at": "2021-01-13T07:21:22.981Z"}}, {"model": "token_blacklist.blacklistedtoken", "pk": 2, "fields": {"token": 3, "blacklisted_at": "2021-01-13T07:25:42.651Z"}}, {"model": "auth.permission", "pk": 1, "fields": {"name": "Can add log entry", "content_type": 1, "codename": "add_logentry"}}, {"model": "auth.permission", "pk": 2, "fields": {"name": "Can change log entry", "content_type": 1, "codename": "change_logentry"}}, {"model": "auth.permission", "pk": 3, "fields": {"name": "Can delete log entry", "content_type": 1, "codename": "delete_logentry"}}, {"model": "auth.permission", "pk": 4, "fields": {"name": "Can view log entry", "content_type": 1, "codename": "view_logentry"}}, {"model": "auth.permission", "pk": 5, "fields": {"name": "Can add permission", "content_type": 2, "codename": "add_permission"}}, {"model": "auth.permission", "pk": 6, "fields": {"name": "Can change permission", "content_type": 2, "codename": "change_permission"}}, {"model": "auth.permission", "pk": 7, "fields": {"name": "Can delete permission", "content_type": 2, "codename": "delete_permission"}}, {"model": "auth.permission", "pk": 8, "fields": {"name": "Can view permission", "content_type": 2, "codename": "view_permission"}}, {"model": "auth.permission", "pk": 9, "fields": {"name": "Can add group", "content_type": 3, "codename": "add_group"}}, {"model": "auth.permission", "pk": 10, "fields": {"name": "Can change group", "content_type": 3, "codename": "change_group"}}, {"model": "auth.permission", "pk": 11, "fields": {"name": "Can delete group", "content_type": 3, "codename": "delete_group"}}, {"model": "auth.permission", "pk": 12, "fields": {"name": "Can view group", "content_type": 3, "codename": "view_group"}}, {"model": "auth.permission", "pk": 13, "fields": {"name": "Can add content type", "content_type": 4, "codename": "add_contenttype"}}, {"model": "auth.permission", "pk": 14, "fields": {"name": "Can change content type", "content_type": 4, "codename": "change_contenttype"}}, {"model": "auth.permission", "pk": 15, "fields": {"name": "Can delete content type", "content_type": 4, "codename": "delete_contenttype"}}, {"model": "auth.permission", "pk": 16, "fields": {"name": "Can view content type", "content_type": 4, "codename": "view_contenttype"}}, {"model": "auth.permission", "pk": 17, "fields": {"name": "Can add session", "content_type": 5, "codename": "add_session"}}, {"model": "auth.permission", "pk": 18, "fields": {"name": "Can change session", "content_type": 5, "codename": "change_session"}}, {"model": "auth.permission", "pk": 19, "fields": {"name": "Can delete session", "content_type": 5, "codename": "delete_session"}}, {"model": "auth.permission", "pk": 20, "fields": {"name": "Can view session", "content_type": 5, "codename": "view_session"}}, {"model": "auth.permission", "pk": 21, "fields": {"name": "Can add task", "content_type": 6, "codename": "add_task"}}, {"model": "auth.permission", "pk": 22, "fields": {"name": "Can change task", "content_type": 6, "codename": "change_task"}}, {"model": "auth.permission", "pk": 23, "fields": {"name": "Can delete task", "content_type": 6, "codename": "delete_task"}}, {"model": "auth.permission", "pk": 24, "fields": {"name": "Can view task", "content_type": 6, "codename": "view_task"}}, {"model": "auth.permission", "pk": 25, "fields": {"name": "Can add new user", "content_type": 7, "codename": "add_newuser"}}, {"model": "auth.permission", "pk": 26, "fields": {"name": "Can change new user", "content_type": 7, "codename": "change_newuser"}}, {"model": "auth.permission", "pk": 27, "fields": {"name": "Can delete new user", "content_type": 7, "codename": "delete_newuser"}}, {"model": "auth.permission", "pk": 28, "fields": {"name": "Can view new user", "content_type": 7, "codename": "view_newuser"}}, {"model": "auth.permission", "pk": 29, "fields": {"name": "Can add blacklisted token", "content_type": 8, "codename": "add_blacklistedtoken"}}, {"model": "auth.permission", "pk": 30, "fields": {"name": "Can change blacklisted token", "content_type": 8, "codename": "change_blacklistedtoken"}}, {"model": "auth.permission", "pk": 31, "fields": {"name": "Can delete blacklisted token", "content_type": 8, "codename": "delete_blacklistedtoken"}}, {"model": "auth.permission", "pk": 32, "fields": {"name": "Can view blacklisted token", "content_type": 8, "codename": "view_blacklistedtoken"}}, {"model": "auth.permission", "pk": 33, "fields": {"name": "Can add outstanding token", "content_type": 9, "codename": "add_outstandingtoken"}}, {"model": "auth.permission", "pk": 34, "fields": {"name": "Can change outstanding token", "content_type": 9, "codename": "change_outstandingtoken"}}, {"model": "auth.permission", "pk": 35, "fields": {"name": "Can delete outstanding token", "content_type": 9, "codename": "delete_outstandingtoken"}}, {"model": "auth.permission", "pk": 36, "fields": {"name": "Can view outstanding token", "content_type": 9, "codename": "view_outstandingtoken"}}, {"model": "auth.permission", "pk": 37, "fields": {"name": "Can add item", "content_type": 10, "codename": "add_item"}}, {"model": "auth.permission", "pk": 38, "fields": {"name": "Can change item", "content_type": 10, "codename": "change_item"}}, {"model": "auth.permission", "pk": 39, "fields": {"name": "Can delete item", "content_type": 10, "codename": "delete_item"}}, {"model": "auth.permission", "pk": 40, "fields": {"name": "Can view item", "content_type": 10, "codename": "view_item"}}, {"model": "auth.permission", "pk": 41, "fields": {"name": "Can add order", "content_type": 11, "codename": "add_order"}}, {"model": "auth.permission", "pk": 42, "fields": {"name": "Can change order", "content_type": 11, "codename": "change_order"}}, {"model": "auth.permission", "pk": 43, "fields": {"name": "Can delete order", "content_type": 11, "codename": "delete_order"}}, {"model": "auth.permission", "pk": 44, "fields": {"name": "Can view order", "content_type": 11, "codename": "view_order"}}, {"model": "auth.permission", "pk": 45, "fields": {"name": "Can add food item", "content_type": 12, "codename": "add_fooditem"}}, {"model": "auth.permission", "pk": 46, "fields": {"name": "Can change food item", "content_type": 12, "codename": "change_fooditem"}}, {"model": "auth.permission", "pk": 47, "fields": {"name": "Can delete food item", "content_type": 12, "codename": "delete_fooditem"}}, {"model": "auth.permission", "pk": 48, "fields": {"name": "Can view food item", "content_type": 12, "codename": "view_fooditem"}}, {"model": "auth.permission", "pk": 49, "fields": {"name": "Can add food order", "content_type": 13, "codename": "add_foodorder"}}, {"model": "auth.permission", "pk": 50, "fields": {"name": "Can change food order", "content_type": 13, "codename": "change_foodorder"}}, {"model": "auth.permission", "pk": 51, "fields": {"name": "Can delete food order", "content_type": 13, "codename": "delete_foodorder"}}, {"model": "auth.permission", "pk": 52, "fields": {"name": "Can view food order", "content_type": 13, "codename": "view_foodorder"}}, {"model": "auth.permission", "pk": 53, "fields": {"name": "Can add food avatar", "content_type": 14, "codename": "add_foodavatar"}}, {"model": "auth.permission", "pk": 54, "fields": {"name": "Can change food avatar", "content_type": 14, "codename": "change_foodavatar"}}, {"model": "auth.permission", "pk": 55, "fields": {"name": "Can delete food avatar", "content_type": 14, "codename": "delete_foodavatar"}}, {"model": "auth.permission", "pk": 56, "fields": {"name": "Can view food avatar", "content_type": 14, "codename": "view_foodavatar"}}, {"model": "auth.permission", "pk": 57, "fields": {"name": "Can add address", "content_type": 15, "codename": "add_address"}}, {"model": "auth.permission", "pk": 58, "fields": {"name": "Can change address", "content_type": 15, "codename": "change_address"}}, {"model": "auth.permission", "pk": 59, "fields": {"name": "Can delete address", "content_type": 15, "codename": "delete_address"}}, {"model": "auth.permission", "pk": 60, "fields": {"name": "Can view address", "content_type": 15, "codename": "view_address"}}, {"model": "auth.permission", "pk": 61, "fields": {"name": "Can add csv", "content_type": 16, "codename": "add_csv"}}, {"model": "auth.permission", "pk": 62, "fields": {"name": "Can change csv", "content_type": 16, "codename": "change_csv"}}, {"model": "auth.permission", "pk": 63, "fields": {"name": "Can delete csv", "content_type": 16, "codename": "delete_csv"}}, {"model": "auth.permission", "pk": 64, "fields": {"name": "Can view csv", "content_type": 16, "codename": "view_csv"}}, {"model": "auth.permission", "pk": 65, "fields": {"name": "Can add sales data", "content_type": 17, "codename": "add_salesdata"}}, {"model": "auth.permission", "pk": 66, "fields": {"name": "Can change sales data", "content_type": 17, "codename": "change_salesdata"}}, {"model": "auth.permission", "pk": 67, "fields": {"name": "Can delete sales data", "content_type": 17, "codename": "delete_salesdata"}}, {"model": "auth.permission", "pk": 68, "fields": {"name": "Can view sales data", "content_type": 17, "codename": "view_salesdata"}}, {"model": "auth.permission", "pk": 69, "fields": {"name": "Can add fake data", "content_type": 18, "codename": "add_fakedata"}}, {"model": "auth.permission", "pk": 70, "fields": {"name": "Can change fake data", "content_type": 18, "codename": "change_fakedata"}}, {"model": "auth.permission", "pk": 71, "fields": {"name": "Can delete fake data", "content_type": 18, "codename": "delete_fakedata"}}, {"model": "auth.permission", "pk": 72, "fields": {"name": "Can view fake data", "content_type": 18, "codename": "view_fakedata"}}, {"model": "auth.permission", "pk": 73, "fields": {"name": "Can add fake data2", "content_type": 19, "codename": "add_fakedata2"}}, {"model": "auth.permission", "pk": 74, "fields": {"name": "Can change fake data2", "content_type": 19, "codename": "change_fakedata2"}}, {"model": "auth.permission", "pk": 75, "fields": {"name": "Can delete fake data2", "content_type": 19, "codename": "delete_fakedata2"}}, {"model": "auth.permission", "pk": 76, "fields": {"name": "Can view fake data2", "content_type": 19, "codename": "view_fakedata2"}}, {"model": "users.newuser", "pk": 1, "fields": {"password": "pbkdf2_sha256$180000$05xXpn6g89Qq$b2QngzjtB1x02jA1oZneBzHNjmptleusTL8g/lUHAjQ=", "last_login": "2021-01-27T14:24:47.402Z", "is_superuser": true, "avatar": "default.jpg", "email": "admin@admin.com", "user_name": "admin", "first_name": "", "start_date": "2021-01-13T05:40:56.752Z", "about": "", "is_staff": true, "is_active": true, "groups": [], "user_permissions": []}}, {"model": "users.newuser", "pk": 2, "fields": {"password": "pbkdf2_sha256$180000$g4zkzpY5Fx7S$a5B+6VUFIvS7uTLEfSTf5vTVNIPz5KkP3a0gSdfAYdU=", "last_login": null, "is_superuser": false, "avatar": "upload_pics/default.jpg", "email": "test3@test.com", "user_name": "test3", "first_name": "", "start_date": "2021-01-13T05:48:38.402Z", "about": "", "is_staff": true, "is_active": true, "groups": [], "user_permissions": []}}, {"model": "users.newuser", "pk": 3, "fields": {"password": "pbkdf2_sha256$180000$bOKM1XWFOug4$/RvRZyJuGRAecoND9yISA2PTuLzNSnYqE/E7I1EmlmY=", "last_login": null, "is_superuser": false, "avatar": "default.jpg", "email": "test4@test.com", "user_name": "test4", "first_name": "", "start_date": "2021-01-13T07:43:04.310Z", "about": "", "is_staff": true, "is_active": true, "groups": [], "user_permissions": []}}, {"model": "users.newuser", "pk": 4, "fields": {"password": "pbkdf2_sha256$180000$c5sc8rKSuYZD$6iiVEJDgdp/XDIK8EEOan8fRrrxnhdAFqKn1EkHJKjU=", "last_login": null, "is_superuser": false, "avatar": "default.jpg", "email": "test10@test.com", "user_name": "test10", "first_name": "", "start_date": "2021-01-17T04:18:29.516Z", "about": "", "is_staff": true, "is_active": true, "groups": [], "user_permissions": []}}, {"model": "users.newuser", "pk": 5, "fields": {"password": "pbkdf2_sha256$180000$w8iX3NQhkyGl$DPRYJ6oe5xTcmR2IfkuYGQuxFGOS7wkIozKexTYMXv8=", "last_login": null, "is_superuser": false, "avatar": "default.jpg", "email": "test100@test.com", "user_name": "test100", "first_name": "", "start_date": "2021-01-30T05:13:05.151Z", "about": "", "is_staff": true, "is_active": true, "groups": [], "user_permissions": []}}, {"model": "shopping.item", "pk": 5, "fields": {"tracking_no": "75417607623111", "weight": "100 KG", "category": "Gold", "price": "49.90 CNY", "remark": "-", "item_owner": 1, "ordered": true, "cartadded": false, "order_id": "0f8a1af1-a345-4eef-be8c-6e307bc2ba01"}}, {"model": "shopping.item", "pk": 7, "fields": {"tracking_no": "75417607623333", "weight": "100 KG", "category": "Gold", "price": "10.60 CNY", "remark": "-", "item_owner": 1, "ordered": true, "cartadded": false, "order_id": "0f8a1af1-a345-4eef-be8c-6e307bc2ba01"}}, {"model": "shopping.item", "pk": 13, "fields": {"tracking_no": "75417607623444", "weight": "100 KG", "category": "Gold", "price": "10.60 CNY", "remark": "-", "item_owner": 1, "ordered": true, "cartadded": false, "order_id": "50fcd648-8f24-4f07-9bfa-0f07dc214b42"}}, {"model": "shopping.item", "pk": 14, "fields": {"tracking_no": "75417607623555", "weight": "100 KG", "category": "Gold", "price": "10.60 CNY", "remark": "-", "item_owner": 1, "ordered": true, "cartadded": false, "order_id": "50fcd648-8f24-4f07-9bfa-0f07dc214b42"}}, {"model": "shopping.item", "pk": 18, "fields": {"tracking_no": "75417607623999", "weight": "100 KG", "category": "Gold", "price": "999 MYR", "remark": "Oder", "item_owner": 1, "ordered": true, "cartadded": false, "order_id": "c304dd9d-bb39-4ce3-9360-17893f46e6e6"}}, {"model": "shopping.item", "pk": 19, "fields": {"tracking_no": "75417607629999", "weight": "100 KG", "category": "Phone", "price": "2220.60 CNY", "remark": "-", "item_owner": 1, "ordered": true, "cartadded": false, "order_id": "c75ca061-c3fe-4c46-8b08-1db74fe82878"}}, {"model": "shopping.item", "pk": 20, "fields": {"tracking_no": "754176012222", "weight": "100 KG", "category": "Gold", "price": "49.90 CNY", "remark": "-", "item_owner": 4, "ordered": false, "cartadded": false, "order_id": null}}, {"model": "shopping.item", "pk": 21, "fields": {"tracking_no": "754176333333", "weight": "100 KG", "category": "Gold", "price": "10.60 CNY", "remark": "-", "item_owner": 4, "ordered": false, "cartadded": false, "order_id": null}}, {"model": "shopping.item", "pk": 22, "fields": {"tracking_no": "754176334444", "weight": "100 KG", "category": "Gold", "price": "10.60 CNY", "remark": "-", "item_owner": 4, "ordered": false, "cartadded": false, "order_id": "0edfd54c-1870-40ec-9831-e73187c66fee"}}, {"model": "shopping.item", "pk": 23, "fields": {"tracking_no": "75417635555", "weight": "100 KG", "category": "Gold", "price": "10.60 CNY", "remark": "-", "item_owner": 4, "ordered": true, "cartadded": false, "order_id": "e84ffb9d-0c97-412e-81c3-b0397adaa00b"}}, {"model": "shopping.item", "pk": 24, "fields": {"tracking_no": "754176666666", "weight": "100 KG", "category": "Gold", "price": "10.60 CNY", "remark": "-", "item_owner": 4, "ordered": true, "cartadded": false, "order_id": "e84ffb9d-0c97-412e-81c3-b0397adaa00b"}}, {"model": "shopping.item", "pk": 25, "fields": {"tracking_no": "75417607111111", "weight": "1 KG", "category": "Silver", "price": "2220.60 CNY", "remark": "-", "item_owner": 1, "ordered": false, "cartadded": false, "order_id": null}}, {"model": "shopping.item", "pk": 26, "fields": {"tracking_no": "75417607222222", "weight": "1 KG", "category": "Silver", "price": "2220.60 CNY", "remark": "-", "item_owner": 1, "ordered": false, "cartadded": false, "order_id": "66ae1db7-87fd-424c-b503-2fcb7038f4c3"}}, {"model": "shopping.item", "pk": 31, "fields": {"tracking_no": "80417607621111", "weight": "100 KG", "category": "Gold", "price": "2220.60 CNY", "remark": "New", "item_owner": 1, "ordered": false, "cartadded": false, "order_id": null}}, {"model": "shopping.item", "pk": 32, "fields": {"tracking_no": "80417607699999", "weight": "100 KG", "category": "Gold", "price": "999.90 CNY", "remark": "-", "item_owner": 1, "ordered": false, "cartadded": false, "order_id": null}}, {"model": "shopping.item", "pk": 34, "fields": {"tracking_no": "75417607777777", "weight": "1 KG", "category": "Phone", "price": "49.90 CNY", "remark": "-", "item_owner": 1, "ordered": false, "cartadded": false, "order_id": null}}, {"model": "shopping.item", "pk": 35, "fields": {"tracking_no": "75417608888888", "weight": "100 KG", "category": "Gold", "price": "10.60 CNY", "remark": "New", "item_owner": 1, "ordered": false, "cartadded": false, "order_id": null}}, {"model": "shopping.item", "pk": 36, "fields": {"tracking_no": "75417607623098 update", "weight": "100 KG", "category": "Phone", "price": "10.60 CNY", "remark": "-", "item_owner": 1, "ordered": false, "cartadded": false, "order_id": null}}, {"model": "shopping.item", "pk": 38, "fields": {"tracking_no": "754abc7623666", "weight": "100 KG", "category": "Gold", "price": "10.60 CNY", "remark": "-", "item_owner": 1, "ordered": false, "cartadded": false, "order_id": null}}, {"model": "shopping.item", "pk": 39, "fields": {"tracking_no": "7541dsfdsf07623666", "weight": "100 KG", "category": "Gold", "price": "10.60 CNY", "remark": "-", "item_owner": 1, "ordered": false, "cartadded": false, "order_id": null}}, {"model": "shopping.item", "pk": 40, "fields": {"tracking_no": "fdsfsdf", "weight": "dsfsf", "category": "Gold", "price": "10.60 CNY", "remark": "Oder", "item_owner": 1, "ordered": false, "cartadded": false, "order_id": null}}, {"model": "shopping.item", "pk": 41, "fields": {"tracking_no": "fdsfs1211", "weight": "fdsfs", "category": "Phone", "price": "49.90 CNY", "remark": "-", "item_owner": 1, "ordered": false, "cartadded": false, "order_id": null}}, {"model": "shopping.item", "pk": 42, "fields": {"tracking_no": "fafsff12142365346", "weight": "a", "category": "Gold", "price": "10.60 CNY", "remark": "Oder", "item_owner": 1, "ordered": false, "cartadded": false, "order_id": null}}, {"model": "shopping.item", "pk": 43, "fields": {"tracking_no": "754176hgfgfh67", "weight": "100 KG", "category": "Gold", "price": "10.60 CNY", "remark": "after", "item_owner": 1, "ordered": true, "cartadded": false, "order_id": "4f074e52-15f1-4e3a-ba8e-55e4563d50c2"}}, {"model": "shopping.item", "pk": 44, "fields": {"tracking_no": "754176bhjgfhgf", "weight": "100 KG", "category": "Gold", "price": "49.90 CNY", "remark": "Oder", "item_owner": 1, "ordered": true, "cartadded": false, "order_id": "4f074e52-15f1-4e3a-ba8e-55e4563d50c2"}}, {"model": "shopping.order", "pk": 75, "fields": {"unique_id": "c304dd9d-bb39-4ce3-9360-17893f46e6e6", "user": 1, "shipping_address": "USB", "courier": "Cargo", "items": [18]}}, {"model": "shopping.order", "pk": 78, "fields": {"unique_id": "e84ffb9d-0c97-412e-81c3-b0397adaa00b", "user": 4, "shipping_address": "USB", "courier": "Cargo", "items": [23, 24]}}, {"model": "shopping.order", "pk": 80, "fields": {"unique_id": "50fcd648-8f24-4f07-9bfa-0f07dc214b42", "user": 1, "shipping_address": "USA", "courier": "Cargo", "items": [13, 14]}}, {"model": "shopping.order", "pk": 82, "fields": {"unique_id": "0f8a1af1-a345-4eef-be8c-6e307bc2ba01", "user": 1, "shipping_address": "USB", "courier": "Cargo", "items": [5, 7]}}, {"model": "shopping.order", "pk": 84, "fields": {"unique_id": "4f074e52-15f1-4e3a-ba8e-55e4563d50c2", "user": 1, "shipping_address": "USB", "courier": "Cargo", "items": [43, 44]}}, {"model": "food_delivery.foodorder", "pk": 105, "fields": {"order_id": "202102021032538302", "user": 1, "shipping_address": "4, Lebuh Tembikai, Taman Sri Rambai, 14000, Bukit Mertajam, Pulau Pinang", "courier": "not set", "items": [7]}}, {"model": "food_delivery.foodorder", "pk": 106, "fields": {"order_id": "202102060328421294", "user": 1, "shipping_address": "4, Lebuh Tembikai, Taman Sri Rambai, 14000, Bukit Mertajam, Pulau Pinang", "courier": "not set", "items": [8, 10]}}, {"model": "food_delivery.address", "pk": 13, "fields": {"user": 1, "street_name": "4, Lebuh Tembikai, Taman Sri Rambai", "state": "Bukit Mertajam, Pulau Pinang", "postal_code": "14000", "default": true}}, {"model": "food_delivery.address", "pk": 14, "fields": {"user": 5, "street_name": "4, Lebuh Tembikai, Taman Sri Rambai", "state": "Pulau Pinang", "postal_code": "14000", "default": true}}, {"model": "token_blacklist.outstandingtoken", "pk": 1, "fields": {"user": null, "jti": "e3eda76ac5074c3f9a064efbf5c27af2", "token": "eyJ0eXAiOiJKV1QiLCJhbGciOiJIUzI1NiJ9.eyJ0b2tlbl90eXBlIjoicmVmcmVzaCIsImV4cCI6MTYxMDYwNzc5NSwianRpIjoiZTNlZGE3NmFjNTA3NGMzZjlhMDY0ZWZiZjVjMjdhZjIiLCJ1c2VyX2lkIjoyfQ.kr9YkWVrPBruRQeG9ehpocs1UoXchAYFlUd0o0k4NhM", "created_at": null, "expires_at": "2021-01-14T07:03:15Z"}}, {"model": "token_blacklist.outstandingtoken", "pk": 2, "fields": {"user": 2, "jti": "b6e5097f333346a699f2f623d8efa025", "token": "eyJ0eXAiOiJKV1QiLCJhbGciOiJIUzI1NiJ9.eyJ0b2tlbl90eXBlIjoicmVmcmVzaCIsImV4cCI6MTYxMTM4NjUxMSwianRpIjoiYjZlNTA5N2YzMzMzNDZhNjk5ZjJmNjIzZDhlZmEwMjUiLCJ1c2VyX2lkIjoyfQ.ydUSNKY61Hm25IN4tqTL6anmtAunMznYNlrvwigTJUA", "created_at": "2021-01-13T07:21:51.826Z", "expires_at": "2021-01-23T07:21:51Z"}}, {"model": "token_blacklist.outstandingtoken", "pk": 3, "fields": {"user": 2, "jti": "045b3316c4de413e91f9ffad5429e0db", "token": "eyJ0eXAiOiJKV1QiLCJhbGciOiJIUzI1NiJ9.eyJ0b2tlbl90eXBlIjoicmVmcmVzaCIsImV4cCI6MTYxMTM4NjUxMSwianRpIjoiMDQ1YjMzMTZjNGRlNDEzZTkxZjlmZmFkNTQyOWUwZGIiLCJ1c2VyX2lkIjoyfQ.RcQgEMjOi2H66l-pXbWqQugfG_0bI-z1bfAanGMAI8w", "created_at": "2021-01-13T07:21:51.925Z", "expires_at": "2021-01-23T07:21:51Z"}}, {"model": "token_blacklist.outstandingtoken", "pk": 4, "fields": {"user": 1, "jti": "6c5b58af2ee2414d941365aecc1e7441", "token": "eyJ0eXAiOiJKV1QiLCJhbGciOiJIUzI1NiJ9.eyJ0b2tlbl90eXBlIjoicmVmcmVzaCIsImV4cCI6MTYxMTM4NzczMiwianRpIjoiNmM1YjU4YWYyZWUyNDE0ZDk0MTM2NWFlY2MxZTc0NDEiLCJ1c2VyX2lkIjoxfQ.ApKp9-Mx6JM-Et36yiB1TOD7LaWPkUfRPXT8jMI-Z5Q", "created_at": "2021-01-13T07:42:12.604Z", "expires_at": "2021-01-23T07:42:12Z"}}, {"model": "token_blacklist.outstandingtoken", "pk": 5, "fields": {"user": 1, "jti": "f112fb44b08e4bef9c6be8a2ef0160d7", "token": "eyJ0eXAiOiJKV1QiLCJhbGciOiJIUzI1NiJ9.eyJ0b2tlbl90eXBlIjoicmVmcmVzaCIsImV4cCI6MTYxMTM4NzczMiwianRpIjoiZjExMmZiNDRiMDhlNGJlZjljNmJlOGEyZWYwMTYwZDciLCJ1c2VyX2lkIjoxfQ.fBUwEd-O8ULqjo99H9lo2CO5QYmZL8thwWMQpnwtVoA", "created_at": "2021-01-13T07:42:12.695Z", "expires_at": "2021-01-23T07:42:12Z"}}, {"model": "token_blacklist.outstandingtoken", "pk": 6, "fields": {"user": 1, "jti": "638f640f6c794b61a08f5f579e9b22a1", "token": "eyJ0eXAiOiJKV1QiLCJhbGciOiJIUzI1NiJ9.eyJ0b2tlbl90eXBlIjoicmVmcmVzaCIsImV4cCI6MTYxMTM5NjMwOCwianRpIjoiNjM4ZjY0MGY2Yzc5NGI2MWEwOGY1ZjU3OWU5YjIyYTEiLCJ1c2VyX2lkIjoxfQ.mrWitaGoi8oSl2_F8UAKFWvl7ZsCNhSquNUpt0p9qGI", "created_at": "2021-01-13T10:05:08.900Z", "expires_at": "2021-01-23T10:05:08Z"}}, {"model": "token_blacklist.outstandingtoken", "pk": 7, "fields": {"user": 1, "jti": "28a8017650394b959cace071f8d1a28c", "token": "eyJ0eXAiOiJKV1QiLCJhbGciOiJIUzI1NiJ9.eyJ0b2tlbl90eXBlIjoicmVmcmVzaCIsImV4cCI6MTYxMTM5NjMwOSwianRpIjoiMjhhODAxNzY1MDM5NGI5NTljYWNlMDcxZjhkMWEyOGMiLCJ1c2VyX2lkIjoxfQ.nJGUHo1Zgms9kPvHplfz-BISO2rJJY73oTjMEq0Zp_E", "created_at": "2021-01-13T10:05:09.054Z", "expires_at": "2021-01-23T10:05:09Z"}}, {"model": "token_blacklist.outstandingtoken", "pk": 8, "fields": {"user": 2, "jti": "f64cb92579de4cda9f6dd216f6e7e03d", "token": "eyJ0eXAiOiJKV1QiLCJhbGciOiJIUzI1NiJ9.eyJ0b2tlbl90eXBlIjoicmVmcmVzaCIsImV4cCI6MTYxMTQwNDk0MCwianRpIjoiZjY0Y2I5MjU3OWRlNGNkYTlmNmRkMjE2ZjZlN2UwM2QiLCJ1c2VyX2lkIjoyfQ.PLyJ-me_cWsn-Tht7Jx_Gw379vhuhNpSKCeR9PJqujM", "created_at": "2021-01-13T12:29:00.641Z", "expires_at": "2021-01-23T12:29:00Z"}}, {"model": "token_blacklist.outstandingtoken", "pk": 9, "fields": {"user": 2, "jti": "2d1c10b981284ceca1a534f5ad7ad40b", "token": "eyJ0eXAiOiJKV1QiLCJhbGciOiJIUzI1NiJ9.eyJ0b2tlbl90eXBlIjoicmVmcmVzaCIsImV4cCI6MTYxMTQwNDk0MCwianRpIjoiMmQxYzEwYjk4MTI4NGNlY2ExYTUzNGY1YWQ3YWQ0MGIiLCJ1c2VyX2lkIjoyfQ.8dKmU7aAriITGmHBd2fH8iXbBGmYyHdUL18WqJbZ_sQ", "created_at": "2021-01-13T12:29:00.722Z", "expires_at": "2021-01-23T12:29:00Z"}}, {"model": "token_blacklist.outstandingtoken", "pk": 10, "fields": {"user": 1, "jti": "66d6decb137d4336805072669915e850", "token": "eyJ0eXAiOiJKV1QiLCJhbGciOiJIUzI1NiJ9.eyJ0b2tlbl90eXBlIjoicmVmcmVzaCIsImV4cCI6MTYxMTQwNTA1OCwianRpIjoiNjZkNmRlY2IxMzdkNDMzNjgwNTA3MjY2OTkxNWU4NTAiLCJ1c2VyX2lkIjoxfQ.01eWKNNNgTQPZwur7n5pAyQWT6S3VlexsyvMd4EgdsM", "created_at": "2021-01-13T12:30:58.613Z", "expires_at": "2021-01-23T12:30:58Z"}}, {"model": "token_blacklist.outstandingtoken", "pk": 11, "fields": {"user": 1, "jti": "082d2c2ffaac457484b619f6f1ea3a02", "token": "eyJ0eXAiOiJKV1QiLCJhbGciOiJIUzI1NiJ9.eyJ0b2tlbl90eXBlIjoicmVmcmVzaCIsImV4cCI6MTYxMTQwNTA1OCwianRpIjoiMDgyZDJjMmZmYWFjNDU3NDg0YjYxOWY2ZjFlYTNhMDIiLCJ1c2VyX2lkIjoxfQ.gcmN3LSnQd2DNS1_9fqROqzVcJRRMd9jB64X7q7fmJA", "created_at": "2021-01-13T12:30:58.713Z", "expires_at": "2021-01-23T12:30:58Z"}}, {"model": "token_blacklist.outstandingtoken", "pk": 12, "fields": {"user": 1, "jti": "ebeb595a03be402fb4decc57658871db", "token": "eyJ0eXAiOiJKV1QiLCJhbGciOiJIUzI1NiJ9.eyJ0b2tlbl90eXBlIjoicmVmcmVzaCIsImV4cCI6MTYxMTQwNjU3NywianRpIjoiZWJlYjU5NWEwM2JlNDAyZmI0ZGVjYzU3NjU4ODcxZGIiLCJ1c2VyX2lkIjoxfQ.jwxUVZMLa1_W5sNESRoVCCZLuksTg-ILx8iKAZhz9-M", "created_at": "2021-01-13T12:56:17.231Z", "expires_at": "2021-01-23T12:56:17Z"}}, {"model": "token_blacklist.outstandingtoken", "pk": 13, "fields": {"user": 1, "jti": "9ad789a9f4914ef4b517bd9e301108e7", "token": "eyJ0eXAiOiJKV1QiLCJhbGciOiJIUzI1NiJ9.eyJ0b2tlbl90eXBlIjoicmVmcmVzaCIsImV4cCI6MTYxMTQwNjU3NywianRpIjoiOWFkNzg5YTlmNDkxNGVmNGI1MTdiZDllMzAxMTA4ZTciLCJ1c2VyX2lkIjoxfQ.72QGzXOX_YMQMmuk7J6H20ARhc-TejjBsT9qePuUk6s", "created_at": "2021-01-13T12:56:17.326Z", "expires_at": "2021-01-23T12:56:17Z"}}, {"model": "token_blacklist.outstandingtoken", "pk": 14, "fields": {"user": 1, "jti": "d8b289beb10b4b08ad1f9df3aa9fe47b", "token": "eyJ0eXAiOiJKV1QiLCJhbGciOiJIUzI1NiJ9.eyJ0b2tlbl90eXBlIjoicmVmcmVzaCIsImV4cCI6MTYxMTQ1Mzk4NCwianRpIjoiZDhiMjg5YmViMTBiNGIwOGFkMWY5ZGYzYWE5ZmU0N2IiLCJ1c2VyX2lkIjoxfQ.lAVyaMgAnl51q_BGEANaGvJKC0HmtgJj-MlbxBc54ug", "created_at": "2021-01-14T02:06:24.388Z", "expires_at": "2021-01-24T02:06:24Z"}}, {"model": "token_blacklist.outstandingtoken", "pk": 15, "fields": {"user": 1, "jti": "81ad20a00cfb4dcd835c56a4c25fd092", "token": "eyJ0eXAiOiJKV1QiLCJhbGciOiJIUzI1NiJ9.eyJ0b2tlbl90eXBlIjoicmVmcmVzaCIsImV4cCI6MTYxMTQ1Mzk4NCwianRpIjoiODFhZDIwYTAwY2ZiNGRjZDgzNWM1NmE0YzI1ZmQwOTIiLCJ1c2VyX2lkIjoxfQ.85ROEKcyTB8g1btx-GotuP8TxPihM1cV8xliauEJz-0", "created_at": "2021-01-14T02:06:24.518Z", "expires_at": "2021-01-24T02:06:24Z"}}, {"model": "token_blacklist.outstandingtoken", "pk": 16, "fields": {"user": 1, "jti": "920b0dc82f754113ab334d1e06df8ff2", "token": "eyJ0eXAiOiJKV1QiLCJhbGciOiJIUzI1NiJ9.eyJ0b2tlbl90eXBlIjoicmVmcmVzaCIsImV4cCI6MTYxMTQ1Nzk0OCwianRpIjoiOTIwYjBkYzgyZjc1NDExM2FiMzM0ZDFlMDZkZjhmZjIiLCJ1c2VyX2lkIjoxfQ.VIw_eFcj_oTGe_UjQicmmN01VOG0xunUCtxG22WGAW8", "created_at": "2021-01-14T03:12:28.024Z", "expires_at": "2021-01-24T03:12:28Z"}}, {"model": "token_blacklist.outstandingtoken", "pk": 17, "fields": {"user": 1, "jti": "1c059a41b6074de48ec747c59093574c", "token": "eyJ0eXAiOiJKV1QiLCJhbGciOiJIUzI1NiJ9.eyJ0b2tlbl90eXBlIjoicmVmcmVzaCIsImV4cCI6MTYxMTQ1Nzk0OCwianRpIjoiMWMwNTlhNDFiNjA3NGRlNDhlYzc0N2M1OTA5MzU3NGMiLCJ1c2VyX2lkIjoxfQ.Sqgouc5EBN8XnYa2OPs3YJ39WpIXehl0T01zpH2tz9c", "created_at": "2021-01-14T03:12:28.137Z", "expires_at": "2021-01-24T03:12:28Z"}}, {"model": "token_blacklist.outstandingtoken", "pk": 18, "fields": {"user": 1, "jti": "2cf8975a0e4b47f69f940ecf305cdd5a", "token": "eyJ0eXAiOiJKV1QiLCJhbGciOiJIUzI1NiJ9.eyJ0b2tlbl90eXBlIjoicmVmcmVzaCIsImV4cCI6MTYxMTQ2NDM4OCwianRpIjoiMmNmODk3NWEwZTRiNDdmNjlmOTQwZWNmMzA1Y2RkNWEiLCJ1c2VyX2lkIjoxfQ.ShSWy5df8YZyaIUYjAX3TN3nZV21TChzaCzYp6iHCpw", "created_at": "2021-01-14T04:59:48.962Z", "expires_at": "2021-01-24T04:59:48Z"}}, {"model": "token_blacklist.outstandingtoken", "pk": 19, "fields": {"user": 1, "jti": "aca44d48d2374025bea7790af86a11af", "token": "eyJ0eXAiOiJKV1QiLCJhbGciOiJIUzI1NiJ9.eyJ0b2tlbl90eXBlIjoicmVmcmVzaCIsImV4cCI6MTYxMTQ2NDM4OSwianRpIjoiYWNhNDRkNDhkMjM3NDAyNWJlYTc3OTBhZjg2YTExYWYiLCJ1c2VyX2lkIjoxfQ.mGVkp8E3C7gqpAVr4IgPGeinUhVUiuygQd9g8DJAFII", "created_at": "2021-01-14T04:59:49.070Z", "expires_at": "2021-01-24T04:59:49Z"}}, {"model": "token_blacklist.outstandingtoken", "pk": 20, "fields": {"user": 1, "jti": "037521ef789c4ca4957dc6c6986476b3", "token": "eyJ0eXAiOiJKV1QiLCJhbGciOiJIUzI1NiJ9.eyJ0b2tlbl90eXBlIjoicmVmcmVzaCIsImV4cCI6MTYxMTQ3MDQ4OSwianRpIjoiMDM3NTIxZWY3ODljNGNhNDk1N2RjNmM2OTg2NDc2YjMiLCJ1c2VyX2lkIjoxfQ.LtL7ZKyn7IceKjgWDuYkpcSiumoyottvDyllnQEbxh4", "created_at": "2021-01-14T06:41:29.567Z", "expires_at": "2021-01-24T06:41:29Z"}}, {"model": "token_blacklist.outstandingtoken", "pk": 21, "fields": {"user": 1, "jti": "f3c68bda602049ce82770c78bb53c0c4", "token": "eyJ0eXAiOiJKV1QiLCJhbGciOiJIUzI1NiJ9.eyJ0b2tlbl90eXBlIjoicmVmcmVzaCIsImV4cCI6MTYxMTQ3MDQ4OSwianRpIjoiZjNjNjhiZGE2MDIwNDljZTgyNzcwYzc4YmI1M2MwYzQiLCJ1c2VyX2lkIjoxfQ.GXyMNnIDS9GgNbIKWS0rdgtDd0ZCEXnGw9fg4VMq_0Y", "created_at": "2021-01-14T06:41:29.654Z", "expires_at": "2021-01-24T06:41:29Z"}}, {"model": "token_blacklist.outstandingtoken", "pk": 22, "fields": {"user": 1, "jti": "74b65e71450041d58621ada9e23a5e57", "token": "eyJ0eXAiOiJKV1QiLCJhbGciOiJIUzI1NiJ9.eyJ0b2tlbl90eXBlIjoicmVmcmVzaCIsImV4cCI6MTYxMTQ3NzAyMSwianRpIjoiNzRiNjVlNzE0NTAwNDFkNTg2MjFhZGE5ZTIzYTVlNTciLCJ1c2VyX2lkIjoxfQ.ri21b3Yzv0xN4CsfQWQBQsSdJf4JkNtLKny4hBRNGqM", "created_at": "2021-01-14T08:30:21.902Z", "expires_at": "2021-01-24T08:30:21Z"}}, {"model": "token_blacklist.outstandingtoken", "pk": 23, "fields": {"user": 1, "jti": "fcd433d76f7c47e5b35f85308ca99b21", "token": "eyJ0eXAiOiJKV1QiLCJhbGciOiJIUzI1NiJ9.eyJ0b2tlbl90eXBlIjoicmVmcmVzaCIsImV4cCI6MTYxMTQ3NzAyMiwianRpIjoiZmNkNDMzZDc2ZjdjNDdlNWIzNWY4NTMwOGNhOTliMjEiLCJ1c2VyX2lkIjoxfQ.1it8LA3VADMOhVLYZBus_EdS_ZvsjgOrI3HZN93M3Ys", "created_at": "2021-01-14T08:30:22.020Z", "expires_at": "2021-01-24T08:30:22Z"}}, {"model": "token_blacklist.outstandingtoken", "pk": 24, "fields": {"user": 1, "jti": "4c20e7fbf624414a9ef9183c29c39917", "token": "eyJ0eXAiOiJKV1QiLCJhbGciOiJIUzI1NiJ9.eyJ0b2tlbl90eXBlIjoicmVmcmVzaCIsImV4cCI6MTYxMTQ3OTk3OCwianRpIjoiNGMyMGU3ZmJmNjI0NDE0YTllZjkxODNjMjljMzk5MTciLCJ1c2VyX2lkIjoxfQ.DBKYsG8UIVoDDe5CvJV-r2fRLAYFDhb7MwQ7dMiMkRY", "created_at": "2021-01-14T09:19:38.278Z", "expires_at": "2021-01-24T09:19:38Z"}}, {"model": "token_blacklist.outstandingtoken", "pk": 25, "fields": {"user": 1, "jti": "abc20839cf834ef68a54d33691e40869", "token": "eyJ0eXAiOiJKV1QiLCJhbGciOiJIUzI1NiJ9.eyJ0b2tlbl90eXBlIjoicmVmcmVzaCIsImV4cCI6MTYxMTQ3OTk3OCwianRpIjoiYWJjMjA4MzljZjgzNGVmNjhhNTRkMzM2OTFlNDA4NjkiLCJ1c2VyX2lkIjoxfQ.lIW5Fmois7dhJcxlfaEZhBgDzJ33b6fUD8EGSefQJrk", "created_at": "2021-01-14T09:19:38.359Z", "expires_at": "2021-01-24T09:19:38Z"}}, {"model": "token_blacklist.outstandingtoken", "pk": 26, "fields": {"user": 1, "jti": "d5331646c5dc4a998aad91532f5f4689", "token": "eyJ0eXAiOiJKV1QiLCJhbGciOiJIUzI1NiJ9.eyJ0b2tlbl90eXBlIjoicmVmcmVzaCIsImV4cCI6MTYxMTQ4NjQwNCwianRpIjoiZDUzMzE2NDZjNWRjNGE5OThhYWQ5MTUzMmY1ZjQ2ODkiLCJ1c2VyX2lkIjoxfQ.dLetmax9-7eY7kfGu3z2yJ_mD6OjAxd_TVNwL_xYc7A", "created_at": "2021-01-14T11:06:44.681Z", "expires_at": "2021-01-24T11:06:44Z"}}, {"model": "token_blacklist.outstandingtoken", "pk": 27, "fields": {"user": 1, "jti": "aee409425ab541ec97f21616be157ab8", "token": "eyJ0eXAiOiJKV1QiLCJhbGciOiJIUzI1NiJ9.eyJ0b2tlbl90eXBlIjoicmVmcmVzaCIsImV4cCI6MTYxMTQ4NjQwNCwianRpIjoiYWVlNDA5NDI1YWI1NDFlYzk3ZjIxNjE2YmUxNTdhYjgiLCJ1c2VyX2lkIjoxfQ.UviHu93R7T7RieJXoU-TbuRwr-sp0-gpy0v1qdlD7G0", "created_at": "2021-01-14T11:06:44.797Z", "expires_at": "2021-01-24T11:06:44Z"}}, {"model": "token_blacklist.outstandingtoken", "pk": 28, "fields": {"user": 1, "jti": "01fd6faf73a04cdea9a3520dbbc174f9", "token": "eyJ0eXAiOiJKV1QiLCJhbGciOiJIUzI1NiJ9.eyJ0b2tlbl90eXBlIjoicmVmcmVzaCIsImV4cCI6MTYxMTUzOTAxOSwianRpIjoiMDFmZDZmYWY3M2EwNGNkZWE5YTM1MjBkYmJjMTc0ZjkiLCJ1c2VyX2lkIjoxfQ.pQ3vRWfsJf3-gOVh1R3fFMxZsIctH1GasgYXZHLIskA", "created_at": "2021-01-15T01:43:39.291Z", "expires_at": "2021-01-25T01:43:39Z"}}, {"model": "token_blacklist.outstandingtoken", "pk": 29, "fields": {"user": 1, "jti": "0eae1b9f6a234921b96ee1e6d3332efe", "token": "eyJ0eXAiOiJKV1QiLCJhbGciOiJIUzI1NiJ9.eyJ0b2tlbl90eXBlIjoicmVmcmVzaCIsImV4cCI6MTYxMTUzOTAxOSwianRpIjoiMGVhZTFiOWY2YTIzNDkyMWI5NmVlMWU2ZDMzMzJlZmUiLCJ1c2VyX2lkIjoxfQ.EyLLubd9P-123O-hKjqQsR8Wx8ILWAitCmM4somAw4Y", "created_at": "2021-01-15T01:43:39.382Z", "expires_at": "2021-01-25T01:43:39Z"}}, {"model": "token_blacklist.outstandingtoken", "pk": 30, "fields": {"user": 1, "jti": "6db745010136462897497ff13253d8ee", "token": "eyJ0eXAiOiJKV1QiLCJhbGciOiJIUzI1NiJ9.eyJ0b2tlbl90eXBlIjoicmVmcmVzaCIsImV4cCI6MTYxMTU1Mjk0OCwianRpIjoiNmRiNzQ1MDEwMTM2NDYyODk3NDk3ZmYxMzI1M2Q4ZWUiLCJ1c2VyX2lkIjoxfQ.CkjAzNhc7JzEliLn9l_3VlvVh9ZlgLBuqbqANi6SoA4", "created_at": "2021-01-15T05:35:48.619Z", "expires_at": "2021-01-25T05:35:48Z"}}, {"model": "token_blacklist.outstandingtoken", "pk": 31, "fields": {"user": 1, "jti": "54385f11a116424a9d8495edee5d947d", "token": "eyJ0eXAiOiJKV1QiLCJhbGciOiJIUzI1NiJ9.eyJ0b2tlbl90eXBlIjoicmVmcmVzaCIsImV4cCI6MTYxMTU1Mjk0OCwianRpIjoiNTQzODVmMTFhMTE2NDI0YTlkODQ5NWVkZWU1ZDk0N2QiLCJ1c2VyX2lkIjoxfQ.gvj_CVJQ64jKSqWrGG_0AjGBs0U2LbOnfN-JQujzZl8", "created_at": "2021-01-15T05:35:48.748Z", "expires_at": "2021-01-25T05:35:48Z"}}, {"model": "token_blacklist.outstandingtoken", "pk": 32, "fields": {"user": 1, "jti": "134d4233b5fb4c4cbb9f96cd2d7e82b7", "token": "eyJ0eXAiOiJKV1QiLCJhbGciOiJIUzI1NiJ9.eyJ0b2tlbl90eXBlIjoicmVmcmVzaCIsImV4cCI6MTYxMTU1NTc0MiwianRpIjoiMTM0ZDQyMzNiNWZiNGM0Y2JiOWY5NmNkMmQ3ZTgyYjciLCJ1c2VyX2lkIjoxfQ.ucahYKiDeFvHDO6fe-Vko8BsiHM6WawO-YJb36eqWks", "created_at": "2021-01-15T06:22:22.099Z", "expires_at": "2021-01-25T06:22:22Z"}}, {"model": "token_blacklist.outstandingtoken", "pk": 33, "fields": {"user": 1, "jti": "e36e3d301f324432a05d00ae63fb482a", "token": "eyJ0eXAiOiJKV1QiLCJhbGciOiJIUzI1NiJ9.eyJ0b2tlbl90eXBlIjoicmVmcmVzaCIsImV4cCI6MTYxMTU1NTc0MiwianRpIjoiZTM2ZTNkMzAxZjMyNDQzMmEwNWQwMGFlNjNmYjQ4MmEiLCJ1c2VyX2lkIjoxfQ.TgKjq01AoO0FSoYgETmVXTMzrZllw5OZo7PhpZQ4Xr4", "created_at": "2021-01-15T06:22:22.195Z", "expires_at": "2021-01-25T06:22:22Z"}}, {"model": "token_blacklist.outstandingtoken", "pk": 34, "fields": {"user": 1, "jti": "2675072ee5954f0092ac4d27be2f55f9", "token": "eyJ0eXAiOiJKV1QiLCJhbGciOiJIUzI1NiJ9.eyJ0b2tlbl90eXBlIjoicmVmcmVzaCIsImV4cCI6MTYxMTU2MTY0OCwianRpIjoiMjY3NTA3MmVlNTk1NGYwMDkyYWM0ZDI3YmUyZjU1ZjkiLCJ1c2VyX2lkIjoxfQ.QrCr1eFZD9eezZIdwTCxGv96BXBaE1ujSBINpQCbFHU", "created_at": "2021-01-15T08:00:48.703Z", "expires_at": "2021-01-25T08:00:48Z"}}, {"model": "token_blacklist.outstandingtoken", "pk": 35, "fields": {"user": 1, "jti": "b52bcd482ac944c2abde23a756fbb9a7", "token": "eyJ0eXAiOiJKV1QiLCJhbGciOiJIUzI1NiJ9.eyJ0b2tlbl90eXBlIjoicmVmcmVzaCIsImV4cCI6MTYxMTU2MTY0OCwianRpIjoiYjUyYmNkNDgyYWM5NDRjMmFiZGUyM2E3NTZmYmI5YTciLCJ1c2VyX2lkIjoxfQ.-gRuAD1xZiIX3Kre5XVJttgZRbq-UogM3YBvi4D-7P4", "created_at": "2021-01-15T08:00:48.813Z", "expires_at": "2021-01-25T08:00:48Z"}}, {"model": "token_blacklist.outstandingtoken", "pk": 36, "fields": {"user": 1, "jti": "f51d86e9bb47405d930b987989e3702d", "token": "eyJ0eXAiOiJKV1QiLCJhbGciOiJIUzI1NiJ9.eyJ0b2tlbl90eXBlIjoicmVmcmVzaCIsImV4cCI6MTYxMTU3MDU3NCwianRpIjoiZjUxZDg2ZTliYjQ3NDA1ZDkzMGI5ODc5ODllMzcwMmQiLCJ1c2VyX2lkIjoxfQ.tzN60zVtgP0PFD9WZxjsUwLH55lifWQnLcEg2tGs8Ec", "created_at": "2021-01-15T10:29:34.785Z", "expires_at": "2021-01-25T10:29:34Z"}}, {"model": "token_blacklist.outstandingtoken", "pk": 37, "fields": {"user": 1, "jti": "f0941488c7b14f5faebb3381efd3ea44", "token": "eyJ0eXAiOiJKV1QiLCJhbGciOiJIUzI1NiJ9.eyJ0b2tlbl90eXBlIjoicmVmcmVzaCIsImV4cCI6MTYxMTU3MDU3NCwianRpIjoiZjA5NDE0ODhjN2IxNGY1ZmFlYmIzMzgxZWZkM2VhNDQiLCJ1c2VyX2lkIjoxfQ.yPRkJM_86bML5KegoCz2pPrh7trW3aBZmb3NZzxCZfw", "created_at": "2021-01-15T10:29:34.865Z", "expires_at": "2021-01-25T10:29:34Z"}}, {"model": "token_blacklist.outstandingtoken", "pk": 38, "fields": {"user": 1, "jti": "13adba4bbe20482196edf4017790a3da", "token": "eyJ0eXAiOiJKV1QiLCJhbGciOiJIUzI1NiJ9.eyJ0b2tlbl90eXBlIjoicmVmcmVzaCIsImV4cCI6MTYxMTU3MTE4NywianRpIjoiMTNhZGJhNGJiZTIwNDgyMTk2ZWRmNDAxNzc5MGEzZGEiLCJ1c2VyX2lkIjoxfQ.sENq05M887Rmraa6uvyFiptBHWJypwJLzAvMoB4EWME", "created_at": "2021-01-15T10:39:47.102Z", "expires_at": "2021-01-25T10:39:47Z"}}, {"model": "token_blacklist.outstandingtoken", "pk": 39, "fields": {"user": 1, "jti": "fa2acd46935f4e9ab503d67877ced6db", "token": "eyJ0eXAiOiJKV1QiLCJhbGciOiJIUzI1NiJ9.eyJ0b2tlbl90eXBlIjoicmVmcmVzaCIsImV4cCI6MTYxMTU3MTE4NywianRpIjoiZmEyYWNkNDY5MzVmNGU5YWI1MDNkNjc4NzdjZWQ2ZGIiLCJ1c2VyX2lkIjoxfQ.lMsFfk-Vp3Eu_k7VMcuxiCQa1CglFSnC6HSFtSjsSgY", "created_at": "2021-01-15T10:39:47.215Z", "expires_at": "2021-01-25T10:39:47Z"}}, {"model": "token_blacklist.outstandingtoken", "pk": 40, "fields": {"user": 1, "jti": "5fa055b00f0c4c72b4c1ef18b3bd56d8", "token": "eyJ0eXAiOiJKV1QiLCJhbGciOiJIUzI1NiJ9.eyJ0b2tlbl90eXBlIjoicmVmcmVzaCIsImV4cCI6MTYxMTU3Njg0OCwianRpIjoiNWZhMDU1YjAwZjBjNGM3MmI0YzFlZjE4YjNiZDU2ZDgiLCJ1c2VyX2lkIjoxfQ.-WEUwRiA-58JJJ_rr3MAJHzzc5pTdzX1mZx_XureI-Q", "created_at": "2021-01-15T12:14:08.217Z", "expires_at": "2021-01-25T12:14:08Z"}}, {"model": "token_blacklist.outstandingtoken", "pk": 41, "fields": {"user": 1, "jti": "b85470784cbc46a0b76e3eefd9c4746f", "token": "eyJ0eXAiOiJKV1QiLCJhbGciOiJIUzI1NiJ9.eyJ0b2tlbl90eXBlIjoicmVmcmVzaCIsImV4cCI6MTYxMTU3Njg0OCwianRpIjoiYjg1NDcwNzg0Y2JjNDZhMGI3NmUzZWVmZDljNDc0NmYiLCJ1c2VyX2lkIjoxfQ.hGWa-lVeUkMCW-9fIzgBnmbPfuhcgCysV6Fjo_pfaxw", "created_at": "2021-01-15T12:14:08.304Z", "expires_at": "2021-01-25T12:14:08Z"}}, {"model": "token_blacklist.outstandingtoken", "pk": 42, "fields": {"user": 1, "jti": "3f396a13a8b54a6697dafb5fbe0f87a2", "token": "eyJ0eXAiOiJKV1QiLCJhbGciOiJIUzI1NiJ9.eyJ0b2tlbl90eXBlIjoicmVmcmVzaCIsImV4cCI6MTYxMTU3ODAzMCwianRpIjoiM2YzOTZhMTNhOGI1NGE2Njk3ZGFmYjVmYmUwZjg3YTIiLCJ1c2VyX2lkIjoxfQ.pDmlWh0r3XmipXvlVKsAo-M4_PvXgxweiLHOWpzk5CU", "created_at": "2021-01-15T12:33:50.661Z", "expires_at": "2021-01-25T12:33:50Z"}}, {"model": "token_blacklist.outstandingtoken", "pk": 43, "fields": {"user": 1, "jti": "09471bbfc04f4ed1b77f318f5bddc55b", "token": "eyJ0eXAiOiJKV1QiLCJhbGciOiJIUzI1NiJ9.eyJ0b2tlbl90eXBlIjoicmVmcmVzaCIsImV4cCI6MTYxMTU3ODAzMCwianRpIjoiMDk0NzFiYmZjMDRmNGVkMWI3N2YzMThmNWJkZGM1NWIiLCJ1c2VyX2lkIjoxfQ.6bm-jteIzihrX1PFMCesXp0ADw6Lr8TLwNm1a9bSdDo", "created_at": "2021-01-15T12:33:50.739Z", "expires_at": "2021-01-25T12:33:50Z"}}, {"model": "token_blacklist.outstandingtoken", "pk": 44, "fields": {"user": 1, "jti": "6616503beac64289a06b4006b2b09a59", "token": "eyJ0eXAiOiJKV1QiLCJhbGciOiJIUzI1NiJ9.eyJ0b2tlbl90eXBlIjoicmVmcmVzaCIsImV4cCI6MTYxMTYyNjc3MiwianRpIjoiNjYxNjUwM2JlYWM2NDI4OWEwNmI0MDA2YjJiMDlhNTkiLCJ1c2VyX2lkIjoxfQ.cha7ZiVp2Ae7yVcNC6cezmg8hseGG6U9ibEtih8ZKUw", "created_at": "2021-01-16T02:06:12.482Z", "expires_at": "2021-01-26T02:06:12Z"}}, {"model": "token_blacklist.outstandingtoken", "pk": 45, "fields": {"user": 1, "jti": "2bf0a8a43faa413997c41ed0178d441a", "token": "eyJ0eXAiOiJKV1QiLCJhbGciOiJIUzI1NiJ9.eyJ0b2tlbl90eXBlIjoicmVmcmVzaCIsImV4cCI6MTYxMTYyNjc3MiwianRpIjoiMmJmMGE4YTQzZmFhNDEzOTk3YzQxZWQwMTc4ZDQ0MWEiLCJ1c2VyX2lkIjoxfQ.H3QjBB1SNW5m1aAOPP46i7mA0R1OjvRLfSwZQ8C3P6U", "created_at": "2021-01-16T02:06:12.688Z", "expires_at": "2021-01-26T02:06:12Z"}}, {"model": "token_blacklist.outstandingtoken", "pk": 46, "fields": {"user": 1, "jti": "0d233cc3abdd470187a81b2e79f1e763", "token": "eyJ0eXAiOiJKV1QiLCJhbGciOiJIUzI1NiJ9.eyJ0b2tlbl90eXBlIjoicmVmcmVzaCIsImV4cCI6MTYxMTYzMTkzOSwianRpIjoiMGQyMzNjYzNhYmRkNDcwMTg3YTgxYjJlNzlmMWU3NjMiLCJ1c2VyX2lkIjoxfQ.eWPsuraiNrOUoCzCjAM-4ldzRiUf92Z6DlQCE17IatQ", "created_at": "2021-01-16T03:32:19.619Z", "expires_at": "2021-01-26T03:32:19Z"}}, {"model": "token_blacklist.outstandingtoken", "pk": 47, "fields": {"user": 1, "jti": "023780edce7540f7814322570ab027fa", "token": "eyJ0eXAiOiJKV1QiLCJhbGciOiJIUzI1NiJ9.eyJ0b2tlbl90eXBlIjoicmVmcmVzaCIsImV4cCI6MTYxMTYzMTkzOSwianRpIjoiMDIzNzgwZWRjZTc1NDBmNzgxNDMyMjU3MGFiMDI3ZmEiLCJ1c2VyX2lkIjoxfQ._TaS4yzbpQpCRJiG-i8V3E1832elCOfHqfUiqswTP34", "created_at": "2021-01-16T03:32:19.697Z", "expires_at": "2021-01-26T03:32:19Z"}}, {"model": "token_blacklist.outstandingtoken", "pk": 48, "fields": {"user": 1, "jti": "caf68cc94cff46a6bf57dd23013b1481", "token": "eyJ0eXAiOiJKV1QiLCJhbGciOiJIUzI1NiJ9.eyJ0b2tlbl90eXBlIjoicmVmcmVzaCIsImV4cCI6MTYxMTYzNzUxOSwianRpIjoiY2FmNjhjYzk0Y2ZmNDZhNmJmNTdkZDIzMDEzYjE0ODEiLCJ1c2VyX2lkIjoxfQ.44SDxdwqsNUJPLp2W7YAeU2Q9nJaAqX9CYFCuZYysRM", "created_at": "2021-01-16T05:05:19.341Z", "expires_at": "2021-01-26T05:05:19Z"}}, {"model": "token_blacklist.outstandingtoken", "pk": 49, "fields": {"user": 1, "jti": "06a5a9c320e64b388437e3848b9fb404", "token": "eyJ0eXAiOiJKV1QiLCJhbGciOiJIUzI1NiJ9.eyJ0b2tlbl90eXBlIjoicmVmcmVzaCIsImV4cCI6MTYxMTYzNzUxOSwianRpIjoiMDZhNWE5YzMyMGU2NGIzODg0MzdlMzg0OGI5ZmI0MDQiLCJ1c2VyX2lkIjoxfQ.27NLZW9V7_vKyYbeQokSnMEFghtruiT2zkyHqUvRmMY", "created_at": "2021-01-16T05:05:19.425Z", "expires_at": "2021-01-26T05:05:19Z"}}, {"model": "token_blacklist.outstandingtoken", "pk": 50, "fields": {"user": 1, "jti": "f553644f18b64736ab823a74d465211c", "token": "eyJ0eXAiOiJKV1QiLCJhbGciOiJIUzI1NiJ9.eyJ0b2tlbl90eXBlIjoicmVmcmVzaCIsImV4cCI6MTYxMTY0Mjk3NSwianRpIjoiZjU1MzY0NGYxOGI2NDczNmFiODIzYTc0ZDQ2NTIxMWMiLCJ1c2VyX2lkIjoxfQ.c1A_bxvxgbcRMCxUr5ALFMiuXe8YAMmrMUlfzAty99w", "created_at": "2021-01-16T06:36:15.996Z", "expires_at": "2021-01-26T06:36:15Z"}}, {"model": "token_blacklist.outstandingtoken", "pk": 51, "fields": {"user": 1, "jti": "9037e2890f184b019668685963982bed", "token": "eyJ0eXAiOiJKV1QiLCJhbGciOiJIUzI1NiJ9.eyJ0b2tlbl90eXBlIjoicmVmcmVzaCIsImV4cCI6MTYxMTY0Mjk3NiwianRpIjoiOTAzN2UyODkwZjE4NGIwMTk2Njg2ODU5NjM5ODJiZWQiLCJ1c2VyX2lkIjoxfQ.eVirgaR7-iu58QATAMN0GpRfPT734KorTHOZHpgzOeY", "created_at": "2021-01-16T06:36:16.070Z", "expires_at": "2021-01-26T06:36:16Z"}}, {"model": "token_blacklist.outstandingtoken", "pk": 52, "fields": {"user": 1, "jti": "7ebcb940179d4f15bcb0bd4972f69d8f", "token": "eyJ0eXAiOiJKV1QiLCJhbGciOiJIUzI1NiJ9.eyJ0b2tlbl90eXBlIjoicmVmcmVzaCIsImV4cCI6MTYxMTY0NzMwOCwianRpIjoiN2ViY2I5NDAxNzlkNGYxNWJjYjBiZDQ5NzJmNjlkOGYiLCJ1c2VyX2lkIjoxfQ.43Nt0vCJ3reu-VFwlFpiKNJo5L7E8khaY_sdludjvgo", "created_at": "2021-01-16T07:48:28.144Z", "expires_at": "2021-01-26T07:48:28Z"}}, {"model": "token_blacklist.outstandingtoken", "pk": 53, "fields": {"user": 1, "jti": "5954b87dd8014404983beb5845813ae4", "token": "eyJ0eXAiOiJKV1QiLCJhbGciOiJIUzI1NiJ9.eyJ0b2tlbl90eXBlIjoicmVmcmVzaCIsImV4cCI6MTYxMTY0NzMwOCwianRpIjoiNTk1NGI4N2RkODAxNDQwNDk4M2JlYjU4NDU4MTNhZTQiLCJ1c2VyX2lkIjoxfQ.8f09VfoTiSku017xrPrUJTn--POcpAeViJMqN21Dwas", "created_at": "2021-01-16T07:48:28.260Z", "expires_at": "2021-01-26T07:48:28Z"}}, {"model": "token_blacklist.outstandingtoken", "pk": 54, "fields": {"user": 1, "jti": "b63d1ffbdf604b7896e48ae2b188b1ec", "token": "eyJ0eXAiOiJKV1QiLCJhbGciOiJIUzI1NiJ9.eyJ0b2tlbl90eXBlIjoicmVmcmVzaCIsImV4cCI6MTYxMTY1MTA0OSwianRpIjoiYjYzZDFmZmJkZjYwNGI3ODk2ZTQ4YWUyYjE4OGIxZWMiLCJ1c2VyX2lkIjoxfQ.2CJHV62mSYLtSvRixF_rLfiwK8S0rCQE6TvV6NrsGm8", "created_at": "2021-01-16T08:50:49.592Z", "expires_at": "2021-01-26T08:50:49Z"}}, {"model": "token_blacklist.outstandingtoken", "pk": 55, "fields": {"user": 1, "jti": "8eab1e8a2c6749a39150393129d37ac1", "token": "eyJ0eXAiOiJKV1QiLCJhbGciOiJIUzI1NiJ9.eyJ0b2tlbl90eXBlIjoicmVmcmVzaCIsImV4cCI6MTYxMTY1MTA0OSwianRpIjoiOGVhYjFlOGEyYzY3NDlhMzkxNTAzOTMxMjlkMzdhYzEiLCJ1c2VyX2lkIjoxfQ.On5Qr9NOst-fQMa7H4PMoBPPLYqZnAHC_5jpdIsGXkY", "created_at": "2021-01-16T08:50:49.689Z", "expires_at": "2021-01-26T08:50:49Z"}}, {"model": "token_blacklist.outstandingtoken", "pk": 56, "fields": {"user": 1, "jti": "de40a5a598dc4e18a4193942662fcdef", "token": "eyJ0eXAiOiJKV1QiLCJhbGciOiJIUzI1NiJ9.eyJ0b2tlbl90eXBlIjoicmVmcmVzaCIsImV4cCI6MTYxMTY2MTg5MiwianRpIjoiZGU0MGE1YTU5OGRjNGUxOGE0MTkzOTQyNjYyZmNkZWYiLCJ1c2VyX2lkIjoxfQ.IUEgDgD_ztDFHZtjwTrshiu3HPkh1x53tbcesLVcYpw", "created_at": "2021-01-16T11:51:32.782Z", "expires_at": "2021-01-26T11:51:32Z"}}, {"model": "token_blacklist.outstandingtoken", "pk": 57, "fields": {"user": 1, "jti": "734c0feaa3174544953421f9146df244", "token": "eyJ0eXAiOiJKV1QiLCJhbGciOiJIUzI1NiJ9.eyJ0b2tlbl90eXBlIjoicmVmcmVzaCIsImV4cCI6MTYxMTY2MTg5MiwianRpIjoiNzM0YzBmZWFhMzE3NDU0NDk1MzQyMWY5MTQ2ZGYyNDQiLCJ1c2VyX2lkIjoxfQ.OtgwU8Xd5HnnzFPdFoG7bHmuw0wMcosL_LL5kPq_ShM", "created_at": "2021-01-16T11:51:32.853Z", "expires_at": "2021-01-26T11:51:32Z"}}, {"model": "token_blacklist.outstandingtoken", "pk": 58, "fields": {"user": 1, "jti": "9d488358b9ed4b85b2c3485ffc981b7f", "token": "eyJ0eXAiOiJKV1QiLCJhbGciOiJIUzI1NiJ9.eyJ0b2tlbl90eXBlIjoicmVmcmVzaCIsImV4cCI6MTYxMTY3MjUxMSwianRpIjoiOWQ0ODgzNThiOWVkNGI4NWIyYzM0ODVmZmM5ODFiN2YiLCJ1c2VyX2lkIjoxfQ.lGn83Jd5dlO6IakKfguyJnyeik17nw8vxdnRwlwS0rc", "created_at": "2021-01-16T14:48:31.459Z", "expires_at": "2021-01-26T14:48:31Z"}}, {"model": "token_blacklist.outstandingtoken", "pk": 59, "fields": {"user": 1, "jti": "58d448eab5d047a6927a5aa6ad921237", "token": "eyJ0eXAiOiJKV1QiLCJhbGciOiJIUzI1NiJ9.eyJ0b2tlbl90eXBlIjoicmVmcmVzaCIsImV4cCI6MTYxMTY3MjUxMSwianRpIjoiNThkNDQ4ZWFiNWQwNDdhNjkyN2E1YWE2YWQ5MjEyMzciLCJ1c2VyX2lkIjoxfQ.h-4D29A8JNf9wdBnSf7-9vT6UODsmSsvNpkroXvrKWI", "created_at": "2021-01-16T14:48:31.569Z", "expires_at": "2021-01-26T14:48:31Z"}}, {"model": "token_blacklist.outstandingtoken", "pk": 60, "fields": {"user": 1, "jti": "3010ad93bded4a508d775e3850d42d73", "token": "eyJ0eXAiOiJKV1QiLCJhbGciOiJIUzI1NiJ9.eyJ0b2tlbl90eXBlIjoicmVmcmVzaCIsImV4cCI6MTYxMTcwODQ0OCwianRpIjoiMzAxMGFkOTNiZGVkNGE1MDhkNzc1ZTM4NTBkNDJkNzMiLCJ1c2VyX2lkIjoxfQ.toMTE-XFLDbgY_CkU12FkGTrCgrGITn2LnDy08UAKSM", "created_at": "2021-01-17T00:47:28.771Z", "expires_at": "2021-01-27T00:47:28Z"}}, {"model": "token_blacklist.outstandingtoken", "pk": 61, "fields": {"user": 1, "jti": "8b048eeb908d4662a2dc2c46d28321ec", "token": "eyJ0eXAiOiJKV1QiLCJhbGciOiJIUzI1NiJ9.eyJ0b2tlbl90eXBlIjoicmVmcmVzaCIsImV4cCI6MTYxMTcwODQ0OCwianRpIjoiOGIwNDhlZWI5MDhkNDY2MmEyZGMyYzQ2ZDI4MzIxZWMiLCJ1c2VyX2lkIjoxfQ.pWimADdCiNHPsMYk2mG4IYBEbTYs8aarAoF6uE9cQFM", "created_at": "2021-01-17T00:47:28.870Z", "expires_at": "2021-01-27T00:47:28Z"}}, {"model": "token_blacklist.outstandingtoken", "pk": 62, "fields": {"user": 1, "jti": "ec00ff31d8d0497cb0cf1e03126a4f01", "token": "eyJ0eXAiOiJKV1QiLCJhbGciOiJIUzI1NiJ9.eyJ0b2tlbl90eXBlIjoicmVmcmVzaCIsImV4cCI6MTYxMTcxMTcxMSwianRpIjoiZWMwMGZmMzFkOGQwNDk3Y2IwY2YxZTAzMTI2YTRmMDEiLCJ1c2VyX2lkIjoxfQ.FYzAQV3ppsvJBwgNUaFe23SZsFU8OhQhe2H_01JoGE4", "created_at": "2021-01-17T01:41:51.549Z", "expires_at": "2021-01-27T01:41:51Z"}}, {"model": "token_blacklist.outstandingtoken", "pk": 63, "fields": {"user": 1, "jti": "49e2b6859c9f42678d35f7a0f4616339", "token": "eyJ0eXAiOiJKV1QiLCJhbGciOiJIUzI1NiJ9.eyJ0b2tlbl90eXBlIjoicmVmcmVzaCIsImV4cCI6MTYxMTcxMTcxMSwianRpIjoiNDllMmI2ODU5YzlmNDI2NzhkMzVmN2EwZjQ2MTYzMzkiLCJ1c2VyX2lkIjoxfQ.u7uGZM_FJ6kDXmFH9kTo5fartnSpM4hPj-5qfFIRBHE", "created_at": "2021-01-17T01:41:51.627Z", "expires_at": "2021-01-27T01:41:51Z"}}, {"model": "token_blacklist.outstandingtoken", "pk": 64, "fields": {"user": 1, "jti": "05107897e7804366be751a0a2f285c00", "token": "eyJ0eXAiOiJKV1QiLCJhbGciOiJIUzI1NiJ9.eyJ0b2tlbl90eXBlIjoicmVmcmVzaCIsImV4cCI6MTYxMTcxNTMyNywianRpIjoiMDUxMDc4OTdlNzgwNDM2NmJlNzUxYTBhMmYyODVjMDAiLCJ1c2VyX2lkIjoxfQ.2iYWaiefOfaHseaBr7ZpKIVmgn2LnC4UUA1seV90M14", "created_at": "2021-01-17T02:42:07.785Z", "expires_at": "2021-01-27T02:42:07Z"}}, {"model": "token_blacklist.outstandingtoken", "pk": 65, "fields": {"user": 1, "jti": "9cd2f24ea2d54bfa928a93a289cd9497", "token": "eyJ0eXAiOiJKV1QiLCJhbGciOiJIUzI1NiJ9.eyJ0b2tlbl90eXBlIjoicmVmcmVzaCIsImV4cCI6MTYxMTcxNTMyNywianRpIjoiOWNkMmYyNGVhMmQ1NGJmYTkyOGE5M2EyODljZDk0OTciLCJ1c2VyX2lkIjoxfQ.Oh9AbhOWa5boNoiJxHWeIMt2UE-7qUooZHV-l1-SNa0", "created_at": "2021-01-17T02:42:07.866Z", "expires_at": "2021-01-27T02:42:07Z"}}, {"model": "token_blacklist.outstandingtoken", "pk": 66, "fields": {"user": 1, "jti": "e1e60f05a3d74e429b0f9484f08c1e9d", "token": "eyJ0eXAiOiJKV1QiLCJhbGciOiJIUzI1NiJ9.eyJ0b2tlbl90eXBlIjoicmVmcmVzaCIsImV4cCI6MTYxMTcxOTcxMywianRpIjoiZTFlNjBmMDVhM2Q3NGU0MjliMGY5NDg0ZjA4YzFlOWQiLCJ1c2VyX2lkIjoxfQ.Czc759V0Mfq0SVzBZNAf6-WtO82aadovKjSffQwE8fE", "created_at": "2021-01-17T03:55:13.554Z", "expires_at": "2021-01-27T03:55:13Z"}}, {"model": "token_blacklist.outstandingtoken", "pk": 67, "fields": {"user": 1, "jti": "45fbac83e3ec4a0a9597d0163edce7f3", "token": "eyJ0eXAiOiJKV1QiLCJhbGciOiJIUzI1NiJ9.eyJ0b2tlbl90eXBlIjoicmVmcmVzaCIsImV4cCI6MTYxMTcxOTcxMywianRpIjoiNDVmYmFjODNlM2VjNGEwYTk1OTdkMDE2M2VkY2U3ZjMiLCJ1c2VyX2lkIjoxfQ.FYQPhFWAcsEWBTpKuKydWPTFMe4b0BWya701gSWk99k", "created_at": "2021-01-17T03:55:13.640Z", "expires_at": "2021-01-27T03:55:13Z"}}, {"model": "token_blacklist.outstandingtoken", "pk": 68, "fields": {"user": 1, "jti": "8af1a09e44de498ba5987f1626dec261", "token": "eyJ0eXAiOiJKV1QiLCJhbGciOiJIUzI1NiJ9.eyJ0b2tlbl90eXBlIjoicmVmcmVzaCIsImV4cCI6MTYxMTcxOTgxNiwianRpIjoiOGFmMWEwOWU0NGRlNDk4YmE1OTg3ZjE2MjZkZWMyNjEiLCJ1c2VyX2lkIjoxfQ.g_lS-crTnQiDmnhqw3AvGbymCETJJwAOK5qOQxi5OsA", "created_at": "2021-01-17T03:56:56.234Z", "expires_at": "2021-01-27T03:56:56Z"}}, {"model": "token_blacklist.outstandingtoken", "pk": 69, "fields": {"user": 1, "jti": "66f09e08d96545cbba80d5a941cf6315", "token": "eyJ0eXAiOiJKV1QiLCJhbGciOiJIUzI1NiJ9.eyJ0b2tlbl90eXBlIjoicmVmcmVzaCIsImV4cCI6MTYxMTcxOTgxNiwianRpIjoiNjZmMDllMDhkOTY1NDVjYmJhODBkNWE5NDFjZjYzMTUiLCJ1c2VyX2lkIjoxfQ.sZUWHD0rBTyVZgN8FE5ZHl25axcz-xqAe7uZZ4jtdJ0", "created_at": "2021-01-17T03:56:56.319Z", "expires_at": "2021-01-27T03:56:56Z"}}, {"model": "token_blacklist.outstandingtoken", "pk": 70, "fields": {"user": 1, "jti": "adcc15e57f514325b72a54ad565c6fbb", "token": "eyJ0eXAiOiJKV1QiLCJhbGciOiJIUzI1NiJ9.eyJ0b2tlbl90eXBlIjoicmVmcmVzaCIsImV4cCI6MTYxMTcyMDY3OCwianRpIjoiYWRjYzE1ZTU3ZjUxNDMyNWI3MmE1NGFkNTY1YzZmYmIiLCJ1c2VyX2lkIjoxfQ.TA5I-cyncsd3Rg1bs594ScdajBEUdWOvFQjgcbEB5mM", "created_at": "2021-01-17T04:11:18.050Z", "expires_at": "2021-01-27T04:11:18Z"}}, {"model": "token_blacklist.outstandingtoken", "pk": 71, "fields": {"user": 1, "jti": "a11ad9ec34af4327bd54ff65bcdfcfee", "token": "eyJ0eXAiOiJKV1QiLCJhbGciOiJIUzI1NiJ9.eyJ0b2tlbl90eXBlIjoicmVmcmVzaCIsImV4cCI6MTYxMTcyMDY3OCwianRpIjoiYTExYWQ5ZWMzNGFmNDMyN2JkNTRmZjY1YmNkZmNmZWUiLCJ1c2VyX2lkIjoxfQ.3FSgOr4FM7jryqv9ciKMnARDykP56MxZqnzEV_eTe6U", "created_at": "2021-01-17T04:11:18.164Z", "expires_at": "2021-01-27T04:11:18Z"}}, {"model": "token_blacklist.outstandingtoken", "pk": 72, "fields": {"user": 1, "jti": "d9609a5f037e45c5a97912561a0ff5fa", "token": "eyJ0eXAiOiJKV1QiLCJhbGciOiJIUzI1NiJ9.eyJ0b2tlbl90eXBlIjoicmVmcmVzaCIsImV4cCI6MTYxMTcyMDg1MywianRpIjoiZDk2MDlhNWYwMzdlNDVjNWE5NzkxMjU2MWEwZmY1ZmEiLCJ1c2VyX2lkIjoxfQ.fHWEcfal1UkO-3odd_JrvVeMXua3ndh5S-lpcK26g3Y", "created_at": "2021-01-17T04:14:13.474Z", "expires_at": "2021-01-27T04:14:13Z"}}, {"model": "token_blacklist.outstandingtoken", "pk": 73, "fields": {"user": 1, "jti": "0e52b6e9d38a4a50be48e658875a319e", "token": "eyJ0eXAiOiJKV1QiLCJhbGciOiJIUzI1NiJ9.eyJ0b2tlbl90eXBlIjoicmVmcmVzaCIsImV4cCI6MTYxMTcyMDg1MywianRpIjoiMGU1MmI2ZTlkMzhhNGE1MGJlNDhlNjU4ODc1YTMxOWUiLCJ1c2VyX2lkIjoxfQ.oIHdM3QATWcloXtivhGI7SiJzVSiZfq6g0KqboDRruU", "created_at": "2021-01-17T04:14:13.554Z", "expires_at": "2021-01-27T04:14:13Z"}}, {"model": "token_blacklist.outstandingtoken", "pk": 74, "fields": {"user": 1, "jti": "de43085b312c43f997af9a79b3b87c6c", "token": "eyJ0eXAiOiJKV1QiLCJhbGciOiJIUzI1NiJ9.eyJ0b2tlbl90eXBlIjoicmVmcmVzaCIsImV4cCI6MTYxMTcyMTA4MCwianRpIjoiZGU0MzA4NWIzMTJjNDNmOTk3YWY5YTc5YjNiODdjNmMiLCJ1c2VyX2lkIjoxfQ.lEC25ZkvAlMe0G3N-Is78RUDPxNWPQvURrw4_IXsMIk", "created_at": "2021-01-17T04:18:00.735Z", "expires_at": "2021-01-27T04:18:00Z"}}, {"model": "token_blacklist.outstandingtoken", "pk": 75, "fields": {"user": 1, "jti": "52abbdd5a40d4dc5bbd5838a1ff16217", "token": "eyJ0eXAiOiJKV1QiLCJhbGciOiJIUzI1NiJ9.eyJ0b2tlbl90eXBlIjoicmVmcmVzaCIsImV4cCI6MTYxMTcyMTA4MCwianRpIjoiNTJhYmJkZDVhNDBkNGRjNWJiZDU4MzhhMWZmMTYyMTciLCJ1c2VyX2lkIjoxfQ.I6gH9AZMveaFZTSWQORRLJqwzce_hO7oI-kir8eyqeM", "created_at": "2021-01-17T04:18:00.839Z", "expires_at": "2021-01-27T04:18:00Z"}}, {"model": "token_blacklist.outstandingtoken", "pk": 76, "fields": {"user": 4, "jti": "2140b85725d047a7b3f81a31f84d6170", "token": "eyJ0eXAiOiJKV1QiLCJhbGciOiJIUzI1NiJ9.eyJ0b2tlbl90eXBlIjoicmVmcmVzaCIsImV4cCI6MTYxMTcyMTExOCwianRpIjoiMjE0MGI4NTcyNWQwNDdhN2IzZjgxYTMxZjg0ZDYxNzAiLCJ1c2VyX2lkIjo0fQ.KxRh3_YIQklEPGeoFbNowMTMvS75Sze9Z-X6HzTtb_8", "created_at": "2021-01-17T04:18:38.494Z", "expires_at": "2021-01-27T04:18:38Z"}}, {"model": "token_blacklist.outstandingtoken", "pk": 77, "fields": {"user": 4, "jti": "b2111d1daa3449098dbc0e6dee380cd8", "token": "eyJ0eXAiOiJKV1QiLCJhbGciOiJIUzI1NiJ9.eyJ0b2tlbl90eXBlIjoicmVmcmVzaCIsImV4cCI6MTYxMTcyMTExOCwianRpIjoiYjIxMTFkMWRhYTM0NDkwOThkYmMwZTZkZWUzODBjZDgiLCJ1c2VyX2lkIjo0fQ.esEMQLy5WysAn714PU-5ONqQsIMVgfxmJoNc9BD9alo", "created_at": "2021-01-17T04:18:38.656Z", "expires_at": "2021-01-27T04:18:38Z"}}, {"model": "token_blacklist.outstandingtoken", "pk": 78, "fields": {"user": 1, "jti": "7fba6d40f96e430c9ec32cc17c22ae98", "token": "eyJ0eXAiOiJKV1QiLCJhbGciOiJIUzI1NiJ9.eyJ0b2tlbl90eXBlIjoicmVmcmVzaCIsImV4cCI6MTYxMTcyMTcwNSwianRpIjoiN2ZiYTZkNDBmOTZlNDMwYzllYzMyY2MxN2MyMmFlOTgiLCJ1c2VyX2lkIjoxfQ.dGdGJos276VRTprn1dNWVR5iklLU_bPIbBYUY8aw6S0", "created_at": "2021-01-17T04:28:25.667Z", "expires_at": "2021-01-27T04:28:25Z"}}, {"model": "token_blacklist.outstandingtoken", "pk": 79, "fields": {"user": 1, "jti": "7b6db21de4e94e7a94593e9dd0bd2056", "token": "eyJ0eXAiOiJKV1QiLCJhbGciOiJIUzI1NiJ9.eyJ0b2tlbl90eXBlIjoicmVmcmVzaCIsImV4cCI6MTYxMTcyMTcwNSwianRpIjoiN2I2ZGIyMWRlNGU5NGU3YTk0NTkzZTlkZDBiZDIwNTYiLCJ1c2VyX2lkIjoxfQ.0VXEaKDXL90yHobVZl9DJW5UkaGvzS3GJZJZiRwDqvU", "created_at": "2021-01-17T04:28:25.745Z", "expires_at": "2021-01-27T04:28:25Z"}}, {"model": "token_blacklist.outstandingtoken", "pk": 80, "fields": {"user": 4, "jti": "871531f1f7194cc2897d02bf7bd4df9b", "token": "eyJ0eXAiOiJKV1QiLCJhbGciOiJIUzI1NiJ9.eyJ0b2tlbl90eXBlIjoicmVmcmVzaCIsImV4cCI6MTYxMTcyMTczOSwianRpIjoiODcxNTMxZjFmNzE5NGNjMjg5N2QwMmJmN2JkNGRmOWIiLCJ1c2VyX2lkIjo0fQ.T7wpJ3-MUYVEJpCE4GST5nBcTAKZG3yf6M6KxViwvaY", "created_at": "2021-01-17T04:28:59.125Z", "expires_at": "2021-01-27T04:28:59Z"}}, {"model": "token_blacklist.outstandingtoken", "pk": 81, "fields": {"user": 4, "jti": "8bd96df0b55b4061aed81fd12cf85474", "token": "eyJ0eXAiOiJKV1QiLCJhbGciOiJIUzI1NiJ9.eyJ0b2tlbl90eXBlIjoicmVmcmVzaCIsImV4cCI6MTYxMTcyMTczOSwianRpIjoiOGJkOTZkZjBiNTViNDA2MWFlZDgxZmQxMmNmODU0NzQiLCJ1c2VyX2lkIjo0fQ.oGstrotzlWimYz8JMMQnTiohroYeT55uLS3kr9TK3sY", "created_at": "2021-01-17T04:28:59.227Z", "expires_at": "2021-01-27T04:28:59Z"}}, {"model": "token_blacklist.outstandingtoken", "pk": 82, "fields": {"user": 1, "jti": "ecb61592fe214761a9c93051f93a8224", "token": "eyJ0eXAiOiJKV1QiLCJhbGciOiJIUzI1NiJ9.eyJ0b2tlbl90eXBlIjoicmVmcmVzaCIsImV4cCI6MTYxMTcyMzQyNiwianRpIjoiZWNiNjE1OTJmZTIxNDc2MWE5YzkzMDUxZjkzYTgyMjQiLCJ1c2VyX2lkIjoxfQ.KnVX_XIzmkLtM2wQVriqDki905JsJt6tmSu1_KphYe4", "created_at": "2021-01-17T04:57:06.159Z", "expires_at": "2021-01-27T04:57:06Z"}}, {"model": "token_blacklist.outstandingtoken", "pk": 83, "fields": {"user": 1, "jti": "1eb25ffbd4074197923f6f47912dfebc", "token": "eyJ0eXAiOiJKV1QiLCJhbGciOiJIUzI1NiJ9.eyJ0b2tlbl90eXBlIjoicmVmcmVzaCIsImV4cCI6MTYxMTcyMzQyNiwianRpIjoiMWViMjVmZmJkNDA3NDE5NzkyM2Y2ZjQ3OTEyZGZlYmMiLCJ1c2VyX2lkIjoxfQ.QEjXAAGN9HgS-H908qkHoJPmfQkcSIytbiEJCW9G0NA", "created_at": "2021-01-17T04:57:06.246Z", "expires_at": "2021-01-27T04:57:06Z"}}, {"model": "token_blacklist.outstandingtoken", "pk": 84, "fields": {"user": 1, "jti": "386c7b3089274c7abdf6cc4234a3556b", "token": "eyJ0eXAiOiJKV1QiLCJhbGciOiJIUzI1NiJ9.eyJ0b2tlbl90eXBlIjoicmVmcmVzaCIsImV4cCI6MTYxMTczMzMxNywianRpIjoiMzg2YzdiMzA4OTI3NGM3YWJkZjZjYzQyMzRhMzU1NmIiLCJ1c2VyX2lkIjoxfQ.dygJvoc2JwRVWelj8xs46ZC8OJSKaIthtFEvjo2EumQ", "created_at": "2021-01-17T07:41:57.197Z", "expires_at": "2021-01-27T07:41:57Z"}}, {"model": "token_blacklist.outstandingtoken", "pk": 85, "fields": {"user": 1, "jti": "216c9609e8d44bdcac49e1fb6f78795e", "token": "eyJ0eXAiOiJKV1QiLCJhbGciOiJIUzI1NiJ9.eyJ0b2tlbl90eXBlIjoicmVmcmVzaCIsImV4cCI6MTYxMTczMzMxNywianRpIjoiMjE2Yzk2MDllOGQ0NGJkY2FjNDllMWZiNmY3ODc5NWUiLCJ1c2VyX2lkIjoxfQ.JTq90buBceG5YizBzKyM7FfGUVPIcGUdFF4XEvXEwds", "created_at": "2021-01-17T07:41:57.312Z", "expires_at": "2021-01-27T07:41:57Z"}}, {"model": "token_blacklist.outstandingtoken", "pk": 86, "fields": {"user": 1, "jti": "9b1dcb3880ad43438039b159cc0fb851", "token": "eyJ0eXAiOiJKV1QiLCJhbGciOiJIUzI1NiJ9.eyJ0b2tlbl90eXBlIjoicmVmcmVzaCIsImV4cCI6MTYxMTczNzIwOCwianRpIjoiOWIxZGNiMzg4MGFkNDM0MzgwMzliMTU5Y2MwZmI4NTEiLCJ1c2VyX2lkIjoxfQ.a3popoz6_YnS_rktXCttshtYO4x0cq9oK54W_soEi_4", "created_at": "2021-01-17T08:46:48.355Z", "expires_at": "2021-01-27T08:46:48Z"}}, {"model": "token_blacklist.outstandingtoken", "pk": 87, "fields": {"user": 1, "jti": "9fb746f51e414dddbe7447770b6f8a4c", "token": "eyJ0eXAiOiJKV1QiLCJhbGciOiJIUzI1NiJ9.eyJ0b2tlbl90eXBlIjoicmVmcmVzaCIsImV4cCI6MTYxMTczNzIwOCwianRpIjoiOWZiNzQ2ZjUxZTQxNGRkZGJlNzQ0Nzc3MGI2ZjhhNGMiLCJ1c2VyX2lkIjoxfQ.jcho_Qj_STzyF8E8yLl1Wpas-Xn5Iyj1nNc_wXVVQWU", "created_at": "2021-01-17T08:46:48.443Z", "expires_at": "2021-01-27T08:46:48Z"}}, {"model": "token_blacklist.outstandingtoken", "pk": 88, "fields": {"user": 1, "jti": "170ed5ebe3674791a7e5b490fb31db94", "token": "eyJ0eXAiOiJKV1QiLCJhbGciOiJIUzI1NiJ9.eyJ0b2tlbl90eXBlIjoicmVmcmVzaCIsImV4cCI6MTYxMTc5ODc3NywianRpIjoiMTcwZWQ1ZWJlMzY3NDc5MWE3ZTViNDkwZmIzMWRiOTQiLCJ1c2VyX2lkIjoxfQ.ic5ACspzRRpm2A3ksq298kf8Q_p69VfOLgCzn_aWPbI", "created_at": "2021-01-18T01:52:57.894Z", "expires_at": "2021-01-28T01:52:57Z"}}, {"model": "token_blacklist.outstandingtoken", "pk": 89, "fields": {"user": 1, "jti": "72b07b4673a243a3886fb2287f68b04c", "token": "eyJ0eXAiOiJKV1QiLCJhbGciOiJIUzI1NiJ9.eyJ0b2tlbl90eXBlIjoicmVmcmVzaCIsImV4cCI6MTYxMTc5ODc3OCwianRpIjoiNzJiMDdiNDY3M2EyNDNhMzg4NmZiMjI4N2Y2OGIwNGMiLCJ1c2VyX2lkIjoxfQ.feXhj1OcCoZHflCY_Oc5V9dccLubtyMFiZxObpL8NzE", "created_at": "2021-01-18T01:52:58.011Z", "expires_at": "2021-01-28T01:52:58Z"}}, {"model": "token_blacklist.outstandingtoken", "pk": 90, "fields": {"user": 1, "jti": "bb6bae2911b34929852a7db531ea64b8", "token": "eyJ0eXAiOiJKV1QiLCJhbGciOiJIUzI1NiJ9.eyJ0b2tlbl90eXBlIjoicmVmcmVzaCIsImV4cCI6MTYxMTgwNTM3NCwianRpIjoiYmI2YmFlMjkxMWIzNDkyOTg1MmE3ZGI1MzFlYTY0YjgiLCJ1c2VyX2lkIjoxfQ.-0e_aye-JlA6uMvpS28a6fViL3VI9fGze3MubWiWtTE", "created_at": "2021-01-18T03:42:54.760Z", "expires_at": "2021-01-28T03:42:54Z"}}, {"model": "token_blacklist.outstandingtoken", "pk": 91, "fields": {"user": 1, "jti": "edb99335bd784445b1734540ada15886", "token": "eyJ0eXAiOiJKV1QiLCJhbGciOiJIUzI1NiJ9.eyJ0b2tlbl90eXBlIjoicmVmcmVzaCIsImV4cCI6MTYxMTgwNTM3NCwianRpIjoiZWRiOTkzMzViZDc4NDQ0NWIxNzM0NTQwYWRhMTU4ODYiLCJ1c2VyX2lkIjoxfQ.icvPeDMkF7lAYQaUL_mEW6eepnLM1WsydFw2fkr6zsc", "created_at": "2021-01-18T03:42:54.853Z", "expires_at": "2021-01-28T03:42:54Z"}}, {"model": "token_blacklist.outstandingtoken", "pk": 92, "fields": {"user": 1, "jti": "9908af83b95c4a20af27bc401c455405", "token": "eyJ0eXAiOiJKV1QiLCJhbGciOiJIUzI1NiJ9.eyJ0b2tlbl90eXBlIjoicmVmcmVzaCIsImV4cCI6MTYxMTgxNTQyNSwianRpIjoiOTkwOGFmODNiOTVjNGEyMGFmMjdiYzQwMWM0NTU0MDUiLCJ1c2VyX2lkIjoxfQ.3-TgRMMQVmj9i6yCgKhyGMV82b1vyFIWdlql-36XT5I", "created_at": "2021-01-18T06:30:25.811Z", "expires_at": "2021-01-28T06:30:25Z"}}, {"model": "token_blacklist.outstandingtoken", "pk": 93, "fields": {"user": 1, "jti": "0d1dac89c96142b98d3e40cf16b943a1", "token": "eyJ0eXAiOiJKV1QiLCJhbGciOiJIUzI1NiJ9.eyJ0b2tlbl90eXBlIjoicmVmcmVzaCIsImV4cCI6MTYxMTgxNTQyNSwianRpIjoiMGQxZGFjODljOTYxNDJiOThkM2U0MGNmMTZiOTQzYTEiLCJ1c2VyX2lkIjoxfQ.tzXk7Ec3b2TtdjORFuWaqJpgVB6PZ-b0DhXBob8HFcE", "created_at": "2021-01-18T06:30:25.919Z", "expires_at": "2021-01-28T06:30:25Z"}}, {"model": "token_blacklist.outstandingtoken", "pk": 94, "fields": {"user": 1, "jti": "abc7db4ed1834de5b01d4e1cb9b593a2", "token": "eyJ0eXAiOiJKV1QiLCJhbGciOiJIUzI1NiJ9.eyJ0b2tlbl90eXBlIjoicmVmcmVzaCIsImV4cCI6MTYxMTgyMzA0OSwianRpIjoiYWJjN2RiNGVkMTgzNGRlNWIwMWQ0ZTFjYjliNTkzYTIiLCJ1c2VyX2lkIjoxfQ.azh6U4TLgRjiU95XWf2R-Ki3nrcY1ij7l2rLkRJIxt0", "created_at": "2021-01-18T08:37:29.766Z", "expires_at": "2021-01-28T08:37:29Z"}}, {"model": "token_blacklist.outstandingtoken", "pk": 95, "fields": {"user": 1, "jti": "2911ba1344684a88b48b361d70e2cd59", "token": "eyJ0eXAiOiJKV1QiLCJhbGciOiJIUzI1NiJ9.eyJ0b2tlbl90eXBlIjoicmVmcmVzaCIsImV4cCI6MTYxMTgyMzA0OSwianRpIjoiMjkxMWJhMTM0NDY4NGE4OGI0OGIzNjFkNzBlMmNkNTkiLCJ1c2VyX2lkIjoxfQ.CuKn69NWUnxoCyORU6AGJ18CsFKzYvbDA0pnR6f9SHw", "created_at": "2021-01-18T08:37:29.887Z", "expires_at": "2021-01-28T08:37:29Z"}}, {"model": "token_blacklist.outstandingtoken", "pk": 96, "fields": {"user": 1, "jti": "7d6adde23e1a417abb155006aa58d318", "token": "eyJ0eXAiOiJKV1QiLCJhbGciOiJIUzI1NiJ9.eyJ0b2tlbl90eXBlIjoicmVmcmVzaCIsImV4cCI6MTYxMTgzMjc5NCwianRpIjoiN2Q2YWRkZTIzZTFhNDE3YWJiMTU1MDA2YWE1OGQzMTgiLCJ1c2VyX2lkIjoxfQ.cjYWVw0pnH5X_UmUiC4Ck_-U3EWFwdfwWsk5_lGn_4Y", "created_at": "2021-01-18T11:19:54.057Z", "expires_at": "2021-01-28T11:19:54Z"}}, {"model": "token_blacklist.outstandingtoken", "pk": 97, "fields": {"user": 1, "jti": "694ef9deda6d48659e1d762d151af688", "token": "eyJ0eXAiOiJKV1QiLCJhbGciOiJIUzI1NiJ9.eyJ0b2tlbl90eXBlIjoicmVmcmVzaCIsImV4cCI6MTYxMTgzMjc5NCwianRpIjoiNjk0ZWY5ZGVkYTZkNDg2NTllMWQ3NjJkMTUxYWY2ODgiLCJ1c2VyX2lkIjoxfQ.ahjZhGtYKAAkG6LZc8YSy0jxyYoSCqet9s0f9EZvQjA", "created_at": "2021-01-18T11:19:54.246Z", "expires_at": "2021-01-28T11:19:54Z"}}, {"model": "token_blacklist.outstandingtoken", "pk": 98, "fields": {"user": 1, "jti": "4388bb016f6e4d488b85b4d35df9a612", "token": "eyJ0eXAiOiJKV1QiLCJhbGciOiJIUzI1NiJ9.eyJ0b2tlbl90eXBlIjoicmVmcmVzaCIsImV4cCI6MTYxMTgzNjU2OCwianRpIjoiNDM4OGJiMDE2ZjZlNGQ0ODhiODViNGQzNWRmOWE2MTIiLCJ1c2VyX2lkIjoxfQ.YGLjdEs_J0eMMXKzoJt_e54BXW0bWJBzfmEQRuVIvrY", "created_at": "2021-01-18T12:22:48.587Z", "expires_at": "2021-01-28T12:22:48Z"}}, {"model": "token_blacklist.outstandingtoken", "pk": 99, "fields": {"user": 1, "jti": "541d944a302248f2951504dd7d49af5a", "token": "eyJ0eXAiOiJKV1QiLCJhbGciOiJIUzI1NiJ9.eyJ0b2tlbl90eXBlIjoicmVmcmVzaCIsImV4cCI6MTYxMTgzNjU2OCwianRpIjoiNTQxZDk0NGEzMDIyNDhmMjk1MTUwNGRkN2Q0OWFmNWEiLCJ1c2VyX2lkIjoxfQ.vnGmJUy2CUKFy5K6d0v1fxcza79WpRZnf6ccYrQ026g", "created_at": "2021-01-18T12:22:48.664Z", "expires_at": "2021-01-28T12:22:48Z"}}, {"model": "token_blacklist.outstandingtoken", "pk": 100, "fields": {"user": 1, "jti": "cca66fa3b2c8421d989d9123c61cf1a0", "token": "eyJ0eXAiOiJKV1QiLCJhbGciOiJIUzI1NiJ9.eyJ0b2tlbl90eXBlIjoicmVmcmVzaCIsImV4cCI6MTYxMTgzODU2OSwianRpIjoiY2NhNjZmYTNiMmM4NDIxZDk4OWQ5MTIzYzYxY2YxYTAiLCJ1c2VyX2lkIjoxfQ.FTInJ87JdEu6f_2h1b7YB9fUolUPVBskCvv49myxaUs", "created_at": "2021-01-18T12:56:09.607Z", "expires_at": "2021-01-28T12:56:09Z"}}, {"model": "token_blacklist.outstandingtoken", "pk": 101, "fields": {"user": 1, "jti": "fe58d12b4ee34e6ebc142cdde94aa101", "token": "eyJ0eXAiOiJKV1QiLCJhbGciOiJIUzI1NiJ9.eyJ0b2tlbl90eXBlIjoicmVmcmVzaCIsImV4cCI6MTYxMTgzODU2OSwianRpIjoiZmU1OGQxMmI0ZWUzNGU2ZWJjMTQyY2RkZTk0YWExMDEiLCJ1c2VyX2lkIjoxfQ.MB0qWYeHFs0iKy_RxEVONshjKsLUqpiPMt__qP6ZldE", "created_at": "2021-01-18T12:56:09.692Z", "expires_at": "2021-01-28T12:56:09Z"}}, {"model": "token_blacklist.outstandingtoken", "pk": 102, "fields": {"user": 1, "jti": "d26fa937ae5240208bf47095b15a5041", "token": "eyJ0eXAiOiJKV1QiLCJhbGciOiJIUzI1NiJ9.eyJ0b2tlbl90eXBlIjoicmVmcmVzaCIsImV4cCI6MTYxMTg4NTAyNSwianRpIjoiZDI2ZmE5MzdhZTUyNDAyMDhiZjQ3MDk1YjE1YTUwNDEiLCJ1c2VyX2lkIjoxfQ.JM1CMgsVL6yY-oVo7QIbW9ZYuergbtakEQMwK2fkvNY", "created_at": "2021-01-19T01:50:25.222Z", "expires_at": "2021-01-29T01:50:25Z"}}, {"model": "token_blacklist.outstandingtoken", "pk": 103, "fields": {"user": 1, "jti": "78bb2b45190047fc893a545a5b2e8074", "token": "eyJ0eXAiOiJKV1QiLCJhbGciOiJIUzI1NiJ9.eyJ0b2tlbl90eXBlIjoicmVmcmVzaCIsImV4cCI6MTYxMTg4NTAyNSwianRpIjoiNzhiYjJiNDUxOTAwNDdmYzg5M2E1NDVhNWIyZTgwNzQiLCJ1c2VyX2lkIjoxfQ.oyoEB1TN5PnOFMUcxtrZJuCcLRIDn31eu5-xSHLik58", "created_at": "2021-01-19T01:50:25.313Z", "expires_at": "2021-01-29T01:50:25Z"}}, {"model": "token_blacklist.outstandingtoken", "pk": 104, "fields": {"user": 1, "jti": "d06da17d286343fab95ab940fe4bdbd4", "token": "eyJ0eXAiOiJKV1QiLCJhbGciOiJIUzI1NiJ9.eyJ0b2tlbl90eXBlIjoicmVmcmVzaCIsImV4cCI6MTYxMTg4NjM5MiwianRpIjoiZDA2ZGExN2QyODYzNDNmYWI5NWFiOTQwZmU0YmRiZDQiLCJ1c2VyX2lkIjoxfQ.pl1_VHccWuF4Eka7lilmb1gLZ2gj208-9jKbrt3-YnM", "created_at": "2021-01-19T02:13:12.141Z", "expires_at": "2021-01-29T02:13:12Z"}}, {"model": "token_blacklist.outstandingtoken", "pk": 105, "fields": {"user": 1, "jti": "e2943898eb494c8d894fb11fa0db08a3", "token": "eyJ0eXAiOiJKV1QiLCJhbGciOiJIUzI1NiJ9.eyJ0b2tlbl90eXBlIjoicmVmcmVzaCIsImV4cCI6MTYxMTg4NjM5MiwianRpIjoiZTI5NDM4OThlYjQ5NGM4ZDg5NGZiMTFmYTBkYjA4YTMiLCJ1c2VyX2lkIjoxfQ.Bc9powZx8wIBpCr-WuqJL-a0Dy4SpAPkNaUkWWwv9Ok", "created_at": "2021-01-19T02:13:12.222Z", "expires_at": "2021-01-29T02:13:12Z"}}, {"model": "token_blacklist.outstandingtoken", "pk": 106, "fields": {"user": 1, "jti": "2fd733ccd1e8409fb8d7ad421aaf011e", "token": "eyJ0eXAiOiJKV1QiLCJhbGciOiJIUzI1NiJ9.eyJ0b2tlbl90eXBlIjoicmVmcmVzaCIsImV4cCI6MTYxMTkwOTM0MywianRpIjoiMmZkNzMzY2NkMWU4NDA5ZmI4ZDdhZDQyMWFhZjAxMWUiLCJ1c2VyX2lkIjoxfQ.4DdtQE3PPbI8GgqwfR0kU682hv1ahkdystGmwYt0OSw", "created_at": "2021-01-19T08:35:43.737Z", "expires_at": "2021-01-29T08:35:43Z"}}, {"model": "token_blacklist.outstandingtoken", "pk": 107, "fields": {"user": 1, "jti": "3b44396758fa416ea38ced0a7da9639d", "token": "eyJ0eXAiOiJKV1QiLCJhbGciOiJIUzI1NiJ9.eyJ0b2tlbl90eXBlIjoicmVmcmVzaCIsImV4cCI6MTYxMTkwOTM0MywianRpIjoiM2I0NDM5Njc1OGZhNDE2ZWEzOGNlZDBhN2RhOTYzOWQiLCJ1c2VyX2lkIjoxfQ.YC1oXr4qr8y4-ylXSduy0Pmun2UGiR-8IK6EPECPcPc", "created_at": "2021-01-19T08:35:43.892Z", "expires_at": "2021-01-29T08:35:43Z"}}, {"model": "token_blacklist.outstandingtoken", "pk": 108, "fields": {"user": 1, "jti": "571e096dc5e642a2bb9e456926205447", "token": "eyJ0eXAiOiJKV1QiLCJhbGciOiJIUzI1NiJ9.eyJ0b2tlbl90eXBlIjoicmVmcmVzaCIsImV4cCI6MTYxMTkxMDU1NywianRpIjoiNTcxZTA5NmRjNWU2NDJhMmJiOWU0NTY5MjYyMDU0NDciLCJ1c2VyX2lkIjoxfQ.ztcVSWN7fWyOWecT0R93pxDqmTUxLuv2TUa039HO924", "created_at": "2021-01-19T08:55:57.969Z", "expires_at": "2021-01-29T08:55:57Z"}}, {"model": "token_blacklist.outstandingtoken", "pk": 109, "fields": {"user": 1, "jti": "7eb6d8bdd26346d6934ab0983fc3c974", "token": "eyJ0eXAiOiJKV1QiLCJhbGciOiJIUzI1NiJ9.eyJ0b2tlbl90eXBlIjoicmVmcmVzaCIsImV4cCI6MTYxMTkxMDU1OCwianRpIjoiN2ViNmQ4YmRkMjYzNDZkNjkzNGFiMDk4M2ZjM2M5NzQiLCJ1c2VyX2lkIjoxfQ.-v1ZmRtfh4KiFYfVOGJRd3Cqk2zTTSLnqZU7NC1JPTY", "created_at": "2021-01-19T08:55:58.057Z", "expires_at": "2021-01-29T08:55:58Z"}}, {"model": "token_blacklist.outstandingtoken", "pk": 110, "fields": {"user": 1, "jti": "de9d7f917b3d44fe84a9b01b4e6f234e", "token": "eyJ0eXAiOiJKV1QiLCJhbGciOiJIUzI1NiJ9.eyJ0b2tlbl90eXBlIjoicmVmcmVzaCIsImV4cCI6MTYxMTkxNTI2OSwianRpIjoiZGU5ZDdmOTE3YjNkNDRmZTg0YTliMDFiNGU2ZjIzNGUiLCJ1c2VyX2lkIjoxfQ.sCfdrsbZkT9in5Ze3fq3HXY19SXHH6v76GBcMVrGgXc", "created_at": "2021-01-19T10:14:29.197Z", "expires_at": "2021-01-29T10:14:29Z"}}, {"model": "token_blacklist.outstandingtoken", "pk": 111, "fields": {"user": 1, "jti": "bf1c9f5953a34347a2ae828c1328a282", "token": "eyJ0eXAiOiJKV1QiLCJhbGciOiJIUzI1NiJ9.eyJ0b2tlbl90eXBlIjoicmVmcmVzaCIsImV4cCI6MTYxMTkxNTI2OSwianRpIjoiYmYxYzlmNTk1M2EzNDM0N2EyYWU4MjhjMTMyOGEyODIiLCJ1c2VyX2lkIjoxfQ.vssy6gpmt06GbAqhQdz1akJD9tYL2SXU5Ij53ad9tA0", "created_at": "2021-01-19T10:14:29.303Z", "expires_at": "2021-01-29T10:14:29Z"}}, {"model": "token_blacklist.outstandingtoken", "pk": 112, "fields": {"user": 1, "jti": "a8808ef817284f40a611b6ca2ae2bcb8", "token": "eyJ0eXAiOiJKV1QiLCJhbGciOiJIUzI1NiJ9.eyJ0b2tlbl90eXBlIjoicmVmcmVzaCIsImV4cCI6MTYxMTkyMTMyMiwianRpIjoiYTg4MDhlZjgxNzI4NGY0MGE2MTFiNmNhMmFlMmJjYjgiLCJ1c2VyX2lkIjoxfQ.DwXxAJh-JbWSkna6slAxicnipK2CCkkWLdCUJUB0qIg", "created_at": "2021-01-19T11:55:22.788Z", "expires_at": "2021-01-29T11:55:22Z"}}, {"model": "token_blacklist.outstandingtoken", "pk": 113, "fields": {"user": 1, "jti": "2d5146d5cde94039a3ad79088e36d764", "token": "eyJ0eXAiOiJKV1QiLCJhbGciOiJIUzI1NiJ9.eyJ0b2tlbl90eXBlIjoicmVmcmVzaCIsImV4cCI6MTYxMTkyMTMyMiwianRpIjoiMmQ1MTQ2ZDVjZGU5NDAzOWEzYWQ3OTA4OGUzNmQ3NjQiLCJ1c2VyX2lkIjoxfQ.Pom-hU0ZoSyQa_JFQKQwLM3rR_Xqein92iLAu2hFYtc", "created_at": "2021-01-19T11:55:22.977Z", "expires_at": "2021-01-29T11:55:22Z"}}, {"model": "token_blacklist.outstandingtoken", "pk": 114, "fields": {"user": 1, "jti": "4254590ff90746629c2d635d737cbd16", "token": "eyJ0eXAiOiJKV1QiLCJhbGciOiJIUzI1NiJ9.eyJ0b2tlbl90eXBlIjoicmVmcmVzaCIsImV4cCI6MTYxMTk3MTk0OSwianRpIjoiNDI1NDU5MGZmOTA3NDY2MjljMmQ2MzVkNzM3Y2JkMTYiLCJ1c2VyX2lkIjoxfQ.PpsbSY1Ez3_Mvv7-LmfKK-JliM2xa9e6mOHL8wYdr9M", "created_at": "2021-01-20T01:59:09.267Z", "expires_at": "2021-01-30T01:59:09Z"}}, {"model": "token_blacklist.outstandingtoken", "pk": 115, "fields": {"user": 1, "jti": "b53db30f1eb249389c4db47a87881f73", "token": "eyJ0eXAiOiJKV1QiLCJhbGciOiJIUzI1NiJ9.eyJ0b2tlbl90eXBlIjoicmVmcmVzaCIsImV4cCI6MTYxMTk3MTk0OSwianRpIjoiYjUzZGIzMGYxZWIyNDkzODljNGRiNDdhODc4ODFmNzMiLCJ1c2VyX2lkIjoxfQ.uZaXag75rmAVyVkehQkUzzZljs7IxK7m0Eanc3Gd_WE", "created_at": "2021-01-20T01:59:09.361Z", "expires_at": "2021-01-30T01:59:09Z"}}, {"model": "token_blacklist.outstandingtoken", "pk": 116, "fields": {"user": 1, "jti": "a59583b59bc243619d77d0ff047ad22f", "token": "eyJ0eXAiOiJKV1QiLCJhbGciOiJIUzI1NiJ9.eyJ0b2tlbl90eXBlIjoicmVmcmVzaCIsImV4cCI6MTYxMTk3NTcyMiwianRpIjoiYTU5NTgzYjU5YmMyNDM2MTlkNzdkMGZmMDQ3YWQyMmYiLCJ1c2VyX2lkIjoxfQ.ATzW9b3uN8ZZzpQozS9e6QTA1ofzlo3urWLzaBgGUIM", "created_at": "2021-01-20T03:02:02.083Z", "expires_at": "2021-01-30T03:02:02Z"}}, {"model": "token_blacklist.outstandingtoken", "pk": 117, "fields": {"user": 1, "jti": "cb7c6e1203aa492d8b6dc59ef73411ec", "token": "eyJ0eXAiOiJKV1QiLCJhbGciOiJIUzI1NiJ9.eyJ0b2tlbl90eXBlIjoicmVmcmVzaCIsImV4cCI6MTYxMTk3NTcyMiwianRpIjoiY2I3YzZlMTIwM2FhNDkyZDhiNmRjNTllZjczNDExZWMiLCJ1c2VyX2lkIjoxfQ.3jOGmbV9Aux-qV93SL3FwflwlNsFtRbur8KVNjMAOSI", "created_at": "2021-01-20T03:02:02.181Z", "expires_at": "2021-01-30T03:02:02Z"}}, {"model": "token_blacklist.outstandingtoken", "pk": 118, "fields": {"user": 1, "jti": "94c6240703454ceaabe53fa96ff34ec5", "token": "eyJ0eXAiOiJKV1QiLCJhbGciOiJIUzI1NiJ9.eyJ0b2tlbl90eXBlIjoicmVmcmVzaCIsImV4cCI6MTYxMTk3NjQ5MiwianRpIjoiOTRjNjI0MDcwMzQ1NGNlYWFiZTUzZmE5NmZmMzRlYzUiLCJ1c2VyX2lkIjoxfQ.2cZ9uEo6lpveQk1zOzYFsahTQAZ8DQU45HmWjpwXSI4", "created_at": "2021-01-20T03:14:52.223Z", "expires_at": "2021-01-30T03:14:52Z"}}, {"model": "token_blacklist.outstandingtoken", "pk": 119, "fields": {"user": 1, "jti": "78fab13e503d4da0a437e6b472ef3697", "token": "eyJ0eXAiOiJKV1QiLCJhbGciOiJIUzI1NiJ9.eyJ0b2tlbl90eXBlIjoicmVmcmVzaCIsImV4cCI6MTYxMTk3NjQ5MiwianRpIjoiNzhmYWIxM2U1MDNkNGRhMGE0MzdlNmI0NzJlZjM2OTciLCJ1c2VyX2lkIjoxfQ.IjtOKmOY9ixTl2xCwst7aWHmRQ0oA2qUCBDYke95WZs", "created_at": "2021-01-20T03:14:52.347Z", "expires_at": "2021-01-30T03:14:52Z"}}, {"model": "token_blacklist.outstandingtoken", "pk": 120, "fields": {"user": 1, "jti": "b1a4d3793ae14a63a475ecdd89d20bbc", "token": "eyJ0eXAiOiJKV1QiLCJhbGciOiJIUzI1NiJ9.eyJ0b2tlbl90eXBlIjoicmVmcmVzaCIsImV4cCI6MTYxMTk4MTU2MSwianRpIjoiYjFhNGQzNzkzYWUxNGE2M2E0NzVlY2RkODlkMjBiYmMiLCJ1c2VyX2lkIjoxfQ.73pNH6Z7-edylfGASAXNfWZhIQFIxakTTroyTek9QM4", "created_at": "2021-01-20T04:39:21.939Z", "expires_at": "2021-01-30T04:39:21Z"}}, {"model": "token_blacklist.outstandingtoken", "pk": 121, "fields": {"user": 1, "jti": "5b4c1fcc2b97430992cec31677fb3a40", "token": "eyJ0eXAiOiJKV1QiLCJhbGciOiJIUzI1NiJ9.eyJ0b2tlbl90eXBlIjoicmVmcmVzaCIsImV4cCI6MTYxMTk4MTU2MiwianRpIjoiNWI0YzFmY2MyYjk3NDMwOTkyY2VjMzE2NzdmYjNhNDAiLCJ1c2VyX2lkIjoxfQ.xy7RW7ojsOMfpUTGlAtCnIovGe8tUv9uCi19ukY0UPk", "created_at": "2021-01-20T04:39:22.033Z", "expires_at": "2021-01-30T04:39:22Z"}}, {"model": "token_blacklist.outstandingtoken", "pk": 122, "fields": {"user": 1, "jti": "cb9fd4f481574dc588da4527d0293698", "token": "eyJ0eXAiOiJKV1QiLCJhbGciOiJIUzI1NiJ9.eyJ0b2tlbl90eXBlIjoicmVmcmVzaCIsImV4cCI6MTYxMTk4MjY1MiwianRpIjoiY2I5ZmQ0ZjQ4MTU3NGRjNTg4ZGE0NTI3ZDAyOTM2OTgiLCJ1c2VyX2lkIjoxfQ.H2LfH1PPtw_K0T5ZdrpTt7_Y-zGUtasKLgUzlCkfvyo", "created_at": "2021-01-20T04:57:32.076Z", "expires_at": "2021-01-30T04:57:32Z"}}, {"model": "token_blacklist.outstandingtoken", "pk": 123, "fields": {"user": 1, "jti": "c7d6edbfd3b0425f900aa1cdf622ea69", "token": "eyJ0eXAiOiJKV1QiLCJhbGciOiJIUzI1NiJ9.eyJ0b2tlbl90eXBlIjoicmVmcmVzaCIsImV4cCI6MTYxMTk4MjY1MiwianRpIjoiYzdkNmVkYmZkM2IwNDI1ZjkwMGFhMWNkZjYyMmVhNjkiLCJ1c2VyX2lkIjoxfQ.6V4p_BxgEitsYOc731gZGtajAw4l-iuIF6vJt8SpjZI", "created_at": "2021-01-20T04:57:32.158Z", "expires_at": "2021-01-30T04:57:32Z"}}, {"model": "token_blacklist.outstandingtoken", "pk": 124, "fields": {"user": 1, "jti": "53647c7a58074074aa6d8fd5a088ab64", "token": "eyJ0eXAiOiJKV1QiLCJhbGciOiJIUzI1NiJ9.eyJ0b2tlbl90eXBlIjoicmVmcmVzaCIsImV4cCI6MTYxMTk4MzkxNiwianRpIjoiNTM2NDdjN2E1ODA3NDA3NGFhNmQ4ZmQ1YTA4OGFiNjQiLCJ1c2VyX2lkIjoxfQ.I1kbANB8vdtrAgO-PINA3Df5O6j9V_4f1ACOtfXdGeg", "created_at": "2021-01-20T05:18:36.582Z", "expires_at": "2021-01-30T05:18:36Z"}}, {"model": "token_blacklist.outstandingtoken", "pk": 125, "fields": {"user": 1, "jti": "bea031681ed4400fbef8c776b6396ac9", "token": "eyJ0eXAiOiJKV1QiLCJhbGciOiJIUzI1NiJ9.eyJ0b2tlbl90eXBlIjoicmVmcmVzaCIsImV4cCI6MTYxMTk4MzkxNiwianRpIjoiYmVhMDMxNjgxZWQ0NDAwZmJlZjhjNzc2YjYzOTZhYzkiLCJ1c2VyX2lkIjoxfQ.szxUmHFQbucwRPRZFbdcPosSQkug5e7DzDQZXbaWNPo", "created_at": "2021-01-20T05:18:36.692Z", "expires_at": "2021-01-30T05:18:36Z"}}, {"model": "token_blacklist.outstandingtoken", "pk": 126, "fields": {"user": 1, "jti": "450ac2faca30454d9cee9f1b0553ff56", "token": "eyJ0eXAiOiJKV1QiLCJhbGciOiJIUzI1NiJ9.eyJ0b2tlbl90eXBlIjoicmVmcmVzaCIsImV4cCI6MTYxMTk4Mzk5NCwianRpIjoiNDUwYWMyZmFjYTMwNDU0ZDljZWU5ZjFiMDU1M2ZmNTYiLCJ1c2VyX2lkIjoxfQ.f-nMSSSr1D_6QHVZ3cwWGbxcLapwQsJQzPxoxmEjSzU", "created_at": "2021-01-20T05:19:54.219Z", "expires_at": "2021-01-30T05:19:54Z"}}, {"model": "token_blacklist.outstandingtoken", "pk": 127, "fields": {"user": 1, "jti": "9ee489ccf4de4c7aa591339716648813", "token": "eyJ0eXAiOiJKV1QiLCJhbGciOiJIUzI1NiJ9.eyJ0b2tlbl90eXBlIjoicmVmcmVzaCIsImV4cCI6MTYxMTk4Mzk5NCwianRpIjoiOWVlNDg5Y2NmNGRlNGM3YWE1OTEzMzk3MTY2NDg4MTMiLCJ1c2VyX2lkIjoxfQ.wt68E_gSmnrSHscjlhgpBTXJ1g2ZNxgEGkBXXGTFMug", "created_at": "2021-01-20T05:19:54.331Z", "expires_at": "2021-01-30T05:19:54Z"}}, {"model": "token_blacklist.outstandingtoken", "pk": 128, "fields": {"user": 1, "jti": "38c2bf83a36a4f389d6df4fa138daddf", "token": "eyJ0eXAiOiJKV1QiLCJhbGciOiJIUzI1NiJ9.eyJ0b2tlbl90eXBlIjoicmVmcmVzaCIsImV4cCI6MTYxMTk4NzQxMiwianRpIjoiMzhjMmJmODNhMzZhNGYzODlkNmRmNGZhMTM4ZGFkZGYiLCJ1c2VyX2lkIjoxfQ.tePu6_O_X5nG2812cvo9mhTygr93cQlAHq2TSmE1OHg", "created_at": "2021-01-20T06:16:52.856Z", "expires_at": "2021-01-30T06:16:52Z"}}, {"model": "token_blacklist.outstandingtoken", "pk": 129, "fields": {"user": 1, "jti": "a7c14e8faf6a4e53b59d267f489376e0", "token": "eyJ0eXAiOiJKV1QiLCJhbGciOiJIUzI1NiJ9.eyJ0b2tlbl90eXBlIjoicmVmcmVzaCIsImV4cCI6MTYxMTk4NzQxMiwianRpIjoiYTdjMTRlOGZhZjZhNGU1M2I1OWQyNjdmNDg5Mzc2ZTAiLCJ1c2VyX2lkIjoxfQ.Z-8rW_Dop8ef_-mcAOlKz6nykVpX_9OlYSQAtEMvoI0", "created_at": "2021-01-20T06:16:52.995Z", "expires_at": "2021-01-30T06:16:52Z"}}, {"model": "token_blacklist.outstandingtoken", "pk": 130, "fields": {"user": 1, "jti": "4704020161224c74a9e5884244dbc26f", "token": "eyJ0eXAiOiJKV1QiLCJhbGciOiJIUzI1NiJ9.eyJ0b2tlbl90eXBlIjoicmVmcmVzaCIsImV4cCI6MTYxMTk5NzA2NSwianRpIjoiNDcwNDAyMDE2MTIyNGM3NGE5ZTU4ODQyNDRkYmMyNmYiLCJ1c2VyX2lkIjoxfQ._Qg35CuBXcDojJGnd0zdpODgoGCjN-JkiqsPqkeNweY", "created_at": "2021-01-20T08:57:45.918Z", "expires_at": "2021-01-30T08:57:45Z"}}, {"model": "token_blacklist.outstandingtoken", "pk": 131, "fields": {"user": 1, "jti": "c49b4f6e3115437cb13b73fee9558519", "token": "eyJ0eXAiOiJKV1QiLCJhbGciOiJIUzI1NiJ9.eyJ0b2tlbl90eXBlIjoicmVmcmVzaCIsImV4cCI6MTYxMTk5NzA2NiwianRpIjoiYzQ5YjRmNmUzMTE1NDM3Y2IxM2I3M2ZlZTk1NTg1MTkiLCJ1c2VyX2lkIjoxfQ.1dGJF6f08P3ZR87bCDkglXlDYUvD_S1w2xTDKqDnyIU", "created_at": "2021-01-20T08:57:46.049Z", "expires_at": "2021-01-30T08:57:46Z"}}, {"model": "token_blacklist.outstandingtoken", "pk": 132, "fields": {"user": 1, "jti": "d58a3f24443448abb3436a67c1a4d74f", "token": "eyJ0eXAiOiJKV1QiLCJhbGciOiJIUzI1NiJ9.eyJ0b2tlbl90eXBlIjoicmVmcmVzaCIsImV4cCI6MTYxMjAwOTQzNywianRpIjoiZDU4YTNmMjQ0NDM0NDhhYmIzNDM2YTY3YzFhNGQ3NGYiLCJ1c2VyX2lkIjoxfQ.aVBjXW5zQxcEtpY81dlJKHX7rx7kLiIwjDpph85i7wM", "created_at": "2021-01-20T12:23:57.575Z", "expires_at": "2021-01-30T12:23:57Z"}}, {"model": "token_blacklist.outstandingtoken", "pk": 133, "fields": {"user": 1, "jti": "dc7696b941dc4312bb3138d38f6a359e", "token": "eyJ0eXAiOiJKV1QiLCJhbGciOiJIUzI1NiJ9.eyJ0b2tlbl90eXBlIjoicmVmcmVzaCIsImV4cCI6MTYxMjAwOTQzNywianRpIjoiZGM3Njk2Yjk0MWRjNDMxMmJiMzEzOGQzOGY2YTM1OWUiLCJ1c2VyX2lkIjoxfQ.3ljx57hVxgYxMHzuyM2_kCL1A1uWgsG9xinNi54SBYw", "created_at": "2021-01-20T12:23:57.727Z", "expires_at": "2021-01-30T12:23:57Z"}}, {"model": "token_blacklist.outstandingtoken", "pk": 134, "fields": {"user": 1, "jti": "f807a26878c34a8eb9003d42212da4f8", "token": "eyJ0eXAiOiJKV1QiLCJhbGciOiJIUzI1NiJ9.eyJ0b2tlbl90eXBlIjoicmVmcmVzaCIsImV4cCI6MTYxMjAxMDEyMiwianRpIjoiZjgwN2EyNjg3OGMzNGE4ZWI5MDAzZDQyMjEyZGE0ZjgiLCJ1c2VyX2lkIjoxfQ._o6sJUcyKfmW3SHoMJMBMpNKg3oVwhqLfgWVL7X16Vo", "created_at": "2021-01-20T12:35:22.673Z", "expires_at": "2021-01-30T12:35:22Z"}}, {"model": "token_blacklist.outstandingtoken", "pk": 135, "fields": {"user": 1, "jti": "01ccb7e33c2d4ebdbf92ff60384e58df", "token": "eyJ0eXAiOiJKV1QiLCJhbGciOiJIUzI1NiJ9.eyJ0b2tlbl90eXBlIjoicmVmcmVzaCIsImV4cCI6MTYxMjAxMDEyMiwianRpIjoiMDFjY2I3ZTMzYzJkNGViZGJmOTJmZjYwMzg0ZTU4ZGYiLCJ1c2VyX2lkIjoxfQ.sVPAkDba5F-DTjrE0tor8FYtn-4Ah5hLur_GaCYhiTI", "created_at": "2021-01-20T12:35:22.807Z", "expires_at": "2021-01-30T12:35:22Z"}}, {"model": "token_blacklist.outstandingtoken", "pk": 136, "fields": {"user": 1, "jti": "df4a160ed9aa4023948ef732fa0119b6", "token": "eyJ0eXAiOiJKV1QiLCJhbGciOiJIUzI1NiJ9.eyJ0b2tlbl90eXBlIjoicmVmcmVzaCIsImV4cCI6MTYxMjA1ODMxMCwianRpIjoiZGY0YTE2MGVkOWFhNDAyMzk0OGVmNzMyZmEwMTE5YjYiLCJ1c2VyX2lkIjoxfQ.UfmduHiHaTZxOjjmQQuEQf5tJCk_4L-4FLcx3HDjp6k", "created_at": "2021-01-21T01:58:30.942Z", "expires_at": "2021-01-31T01:58:30Z"}}, {"model": "token_blacklist.outstandingtoken", "pk": 137, "fields": {"user": 1, "jti": "fe62f1c75db54a5f84d415c4b4652e7a", "token": "eyJ0eXAiOiJKV1QiLCJhbGciOiJIUzI1NiJ9.eyJ0b2tlbl90eXBlIjoicmVmcmVzaCIsImV4cCI6MTYxMjA1ODMxMSwianRpIjoiZmU2MmYxYzc1ZGI1NGE1Zjg0ZDQxNWM0YjQ2NTJlN2EiLCJ1c2VyX2lkIjoxfQ.SegjOqN7BoYGZ2Jc0lukA2Kw6VWWM7EhpZ_mobnBUKk", "created_at": "2021-01-21T01:58:31.088Z", "expires_at": "2021-01-31T01:58:31Z"}}, {"model": "token_blacklist.outstandingtoken", "pk": 138, "fields": {"user": 1, "jti": "118af4d6bf264779bc4273328fcd17f4", "token": "eyJ0eXAiOiJKV1QiLCJhbGciOiJIUzI1NiJ9.eyJ0b2tlbl90eXBlIjoicmVmcmVzaCIsImV4cCI6MTYxMjA1ODg3MiwianRpIjoiMTE4YWY0ZDZiZjI2NDc3OWJjNDI3MzMyOGZjZDE3ZjQiLCJ1c2VyX2lkIjoxfQ.GTi1KZ0RS6oWutuOzdY8AFN0uwTIUe6Wo7WFw0TvlFI", "created_at": "2021-01-21T02:07:52.683Z", "expires_at": "2021-01-31T02:07:52Z"}}, {"model": "token_blacklist.outstandingtoken", "pk": 139, "fields": {"user": 1, "jti": "7c591cad23f14169815970da7aa6011f", "token": "eyJ0eXAiOiJKV1QiLCJhbGciOiJIUzI1NiJ9.eyJ0b2tlbl90eXBlIjoicmVmcmVzaCIsImV4cCI6MTYxMjA1ODg3MiwianRpIjoiN2M1OTFjYWQyM2YxNDE2OTgxNTk3MGRhN2FhNjAxMWYiLCJ1c2VyX2lkIjoxfQ.sQW07ZgiHaswT4TqxXQl9koFFx8OF3vs8qKV5jnDmc4", "created_at": "2021-01-21T02:07:52.752Z", "expires_at": "2021-01-31T02:07:52Z"}}, {"model": "token_blacklist.outstandingtoken", "pk": 140, "fields": {"user": 1, "jti": "b0444f5ea76e46e3b29cbd8f7f26be65", "token": "eyJ0eXAiOiJKV1QiLCJhbGciOiJIUzI1NiJ9.eyJ0b2tlbl90eXBlIjoicmVmcmVzaCIsImV4cCI6MTYxMjA3MDQ5NywianRpIjoiYjA0NDRmNWVhNzZlNDZlM2IyOWNiZDhmN2YyNmJlNjUiLCJ1c2VyX2lkIjoxfQ.OHWPBmOLRPTomQuBVq5zi6i6vm4SmFvP6-gWgkiND50", "created_at": "2021-01-21T05:21:37.262Z", "expires_at": "2021-01-31T05:21:37Z"}}, {"model": "token_blacklist.outstandingtoken", "pk": 141, "fields": {"user": 1, "jti": "748105791486411e8abf1a0eec4b2e47", "token": "eyJ0eXAiOiJKV1QiLCJhbGciOiJIUzI1NiJ9.eyJ0b2tlbl90eXBlIjoicmVmcmVzaCIsImV4cCI6MTYxMjA3MDQ5NywianRpIjoiNzQ4MTA1NzkxNDg2NDExZThhYmYxYTBlZWM0YjJlNDciLCJ1c2VyX2lkIjoxfQ.7XVlqsJZcFCOhQlzO5zAfVZuq7swF6h5ZoPXXd7EepY", "created_at": "2021-01-21T05:21:37.369Z", "expires_at": "2021-01-31T05:21:37Z"}}, {"model": "token_blacklist.outstandingtoken", "pk": 142, "fields": {"user": 1, "jti": "524d8e8f970a4b7eb75f3eeacd538e6a", "token": "eyJ0eXAiOiJKV1QiLCJhbGciOiJIUzI1NiJ9.eyJ0b2tlbl90eXBlIjoicmVmcmVzaCIsImV4cCI6MTYxMjA3MjcxNiwianRpIjoiNTI0ZDhlOGY5NzBhNGI3ZWI3NWYzZWVhY2Q1MzhlNmEiLCJ1c2VyX2lkIjoxfQ.Ls6jN8bu1xoXMIsRbYSiXWD0jmQNXpyEul7sDCLKrI0", "created_at": "2021-01-21T05:58:36.972Z", "expires_at": "2021-01-31T05:58:36Z"}}, {"model": "token_blacklist.outstandingtoken", "pk": 143, "fields": {"user": 1, "jti": "ac84cac2e2ce45759d87d59d43c71842", "token": "eyJ0eXAiOiJKV1QiLCJhbGciOiJIUzI1NiJ9.eyJ0b2tlbl90eXBlIjoicmVmcmVzaCIsImV4cCI6MTYxMjA3MjcxNywianRpIjoiYWM4NGNhYzJlMmNlNDU3NTlkODdkNTlkNDNjNzE4NDIiLCJ1c2VyX2lkIjoxfQ.4onbPXGfueBJMu72X5NWm9E2MElp9f7ulJYoc2PwCs0", "created_at": "2021-01-21T05:58:37.054Z", "expires_at": "2021-01-31T05:58:37Z"}}, {"model": "token_blacklist.outstandingtoken", "pk": 144, "fields": {"user": 1, "jti": "6ac466711fb6404aaaca2131cc60f657", "token": "eyJ0eXAiOiJKV1QiLCJhbGciOiJIUzI1NiJ9.eyJ0b2tlbl90eXBlIjoicmVmcmVzaCIsImV4cCI6MTYxMjA3MzAxMCwianRpIjoiNmFjNDY2NzExZmI2NDA0YWFhY2EyMTMxY2M2MGY2NTciLCJ1c2VyX2lkIjoxfQ.u9_e7Wtqerz1X7IOJNnXjeENKCvvw2iDDXRuEGt7taw", "created_at": "2021-01-21T06:03:30.538Z", "expires_at": "2021-01-31T06:03:30Z"}}, {"model": "token_blacklist.outstandingtoken", "pk": 145, "fields": {"user": 1, "jti": "4302cd68f86a47c2acbea5032c03d416", "token": "eyJ0eXAiOiJKV1QiLCJhbGciOiJIUzI1NiJ9.eyJ0b2tlbl90eXBlIjoicmVmcmVzaCIsImV4cCI6MTYxMjA3MzAxMCwianRpIjoiNDMwMmNkNjhmODZhNDdjMmFjYmVhNTAzMmMwM2Q0MTYiLCJ1c2VyX2lkIjoxfQ.LCicYBgmEuDtadjzQRRa1U982_adNsztW_0VkuAfHRU", "created_at": "2021-01-21T06:03:30.762Z", "expires_at": "2021-01-31T06:03:30Z"}}, {"model": "token_blacklist.outstandingtoken", "pk": 146, "fields": {"user": 1, "jti": "0c19f138a16d4abc8bb1b0d41a4da908", "token": "eyJ0eXAiOiJKV1QiLCJhbGciOiJIUzI1NiJ9.eyJ0b2tlbl90eXBlIjoicmVmcmVzaCIsImV4cCI6MTYxMjA3MzE4MywianRpIjoiMGMxOWYxMzhhMTZkNGFiYzhiYjFiMGQ0MWE0ZGE5MDgiLCJ1c2VyX2lkIjoxfQ.l9fbQtvc--p0tlPqrxxQug7zLGyKckFxjvViPIdreVw", "created_at": "2021-01-21T06:06:23.688Z", "expires_at": "2021-01-31T06:06:23Z"}}, {"model": "token_blacklist.outstandingtoken", "pk": 147, "fields": {"user": 1, "jti": "2542233c35d14777abdabf1f97ce7e59", "token": "eyJ0eXAiOiJKV1QiLCJhbGciOiJIUzI1NiJ9.eyJ0b2tlbl90eXBlIjoicmVmcmVzaCIsImV4cCI6MTYxMjA3MzE4MywianRpIjoiMjU0MjIzM2MzNWQxNDc3N2FiZGFiZjFmOTdjZTdlNTkiLCJ1c2VyX2lkIjoxfQ.qBZ2afo9igZFCwtJdBMOPSbe7lcx9QMziT-x1gunxXo", "created_at": "2021-01-21T06:06:23.809Z", "expires_at": "2021-01-31T06:06:23Z"}}, {"model": "token_blacklist.outstandingtoken", "pk": 148, "fields": {"user": 1, "jti": "112707d4c9fb4d09a453f83096296712", "token": "eyJ0eXAiOiJKV1QiLCJhbGciOiJIUzI1NiJ9.eyJ0b2tlbl90eXBlIjoicmVmcmVzaCIsImV4cCI6MTYxMjA3NjgxMSwianRpIjoiMTEyNzA3ZDRjOWZiNGQwOWE0NTNmODMwOTYyOTY3MTIiLCJ1c2VyX2lkIjoxfQ.4kqx9gr4Ku9a138jr99lP_wSg6ymYNNoZdv8XPJ-1J0", "created_at": "2021-01-21T07:06:51.572Z", "expires_at": "2021-01-31T07:06:51Z"}}, {"model": "token_blacklist.outstandingtoken", "pk": 149, "fields": {"user": 1, "jti": "fb60149e7d2d4804b4e129a5c084a078", "token": "eyJ0eXAiOiJKV1QiLCJhbGciOiJIUzI1NiJ9.eyJ0b2tlbl90eXBlIjoicmVmcmVzaCIsImV4cCI6MTYxMjA3NjgxMSwianRpIjoiZmI2MDE0OWU3ZDJkNDgwNGI0ZTEyOWE1YzA4NGEwNzgiLCJ1c2VyX2lkIjoxfQ.eHXSmuI6sf94QE41vYiyWcM9416mEUKcgkEP_taLPSs", "created_at": "2021-01-21T07:06:51.661Z", "expires_at": "2021-01-31T07:06:51Z"}}, {"model": "token_blacklist.outstandingtoken", "pk": 150, "fields": {"user": 1, "jti": "0f1ae17aaa01472d868381f9a182309c", "token": "eyJ0eXAiOiJKV1QiLCJhbGciOiJIUzI1NiJ9.eyJ0b2tlbl90eXBlIjoicmVmcmVzaCIsImV4cCI6MTYxMjA3OTk4NCwianRpIjoiMGYxYWUxN2FhYTAxNDcyZDg2ODM4MWY5YTE4MjMwOWMiLCJ1c2VyX2lkIjoxfQ.lQInzG3g4EDsizSlMWIj-vi3utLZ8sfwk_M3k_3HSIY", "created_at": "2021-01-21T07:59:44.548Z", "expires_at": "2021-01-31T07:59:44Z"}}, {"model": "token_blacklist.outstandingtoken", "pk": 151, "fields": {"user": 1, "jti": "f51cbcd89b40450c95d88be169d51ffb", "token": "eyJ0eXAiOiJKV1QiLCJhbGciOiJIUzI1NiJ9.eyJ0b2tlbl90eXBlIjoicmVmcmVzaCIsImV4cCI6MTYxMjA3OTk4NCwianRpIjoiZjUxY2JjZDg5YjQwNDUwYzk1ZDg4YmUxNjlkNTFmZmIiLCJ1c2VyX2lkIjoxfQ.owx0p0gxEqaSQwXVm-T-urcS7ctDG6IrCSHRCIplFP8", "created_at": "2021-01-21T07:59:44.654Z", "expires_at": "2021-01-31T07:59:44Z"}}, {"model": "token_blacklist.outstandingtoken", "pk": 152, "fields": {"user": 1, "jti": "bace6ba3664e46ec87a4ecfaeb2ddc5c", "token": "eyJ0eXAiOiJKV1QiLCJhbGciOiJIUzI1NiJ9.eyJ0b2tlbl90eXBlIjoicmVmcmVzaCIsImV4cCI6MTYxMjA4MDUwMiwianRpIjoiYmFjZTZiYTM2NjRlNDZlYzg3YTRlY2ZhZWIyZGRjNWMiLCJ1c2VyX2lkIjoxfQ.0EEmfFZVgg-9kWaqR05DXOhlYRWBts0xYonXfRTfsns", "created_at": "2021-01-21T08:08:22.899Z", "expires_at": "2021-01-31T08:08:22Z"}}, {"model": "token_blacklist.outstandingtoken", "pk": 153, "fields": {"user": 1, "jti": "6adc1ff363794ea9aae4274d11e148c6", "token": "eyJ0eXAiOiJKV1QiLCJhbGciOiJIUzI1NiJ9.eyJ0b2tlbl90eXBlIjoicmVmcmVzaCIsImV4cCI6MTYxMjA4MDUwMiwianRpIjoiNmFkYzFmZjM2Mzc5NGVhOWFhZTQyNzRkMTFlMTQ4YzYiLCJ1c2VyX2lkIjoxfQ.mU6NALwIK4KI-F7y_Eoq2jecIvTnrXx8HQApm-KZO1s", "created_at": "2021-01-21T08:08:22.998Z", "expires_at": "2021-01-31T08:08:22Z"}}, {"model": "token_blacklist.outstandingtoken", "pk": 154, "fields": {"user": 1, "jti": "e00cf4a536cb4f47822a6a9d35c79484", "token": "eyJ0eXAiOiJKV1QiLCJhbGciOiJIUzI1NiJ9.eyJ0b2tlbl90eXBlIjoicmVmcmVzaCIsImV4cCI6MTYxMjA4Njc2OSwianRpIjoiZTAwY2Y0YTUzNmNiNGY0NzgyMmE2YTlkMzVjNzk0ODQiLCJ1c2VyX2lkIjoxfQ.vVodDBZMtgV1x_1xXIIiZCXeqN5YGRW_zCso3gvy5N8", "created_at": "2021-01-21T09:52:49.553Z", "expires_at": "2021-01-31T09:52:49Z"}}, {"model": "token_blacklist.outstandingtoken", "pk": 155, "fields": {"user": 1, "jti": "728e93a061b941c68a481e7e26fdd771", "token": "eyJ0eXAiOiJKV1QiLCJhbGciOiJIUzI1NiJ9.eyJ0b2tlbl90eXBlIjoicmVmcmVzaCIsImV4cCI6MTYxMjA4Njc2OSwianRpIjoiNzI4ZTkzYTA2MWI5NDFjNjhhNDgxZTdlMjZmZGQ3NzEiLCJ1c2VyX2lkIjoxfQ.2lRE32RRqXPqVoPgxDW2hSC85Nh7eqViBggCE85Yx94", "created_at": "2021-01-21T09:52:49.654Z", "expires_at": "2021-01-31T09:52:49Z"}}, {"model": "token_blacklist.outstandingtoken", "pk": 156, "fields": {"user": 1, "jti": "e379e4c950ce417ab9dc495b5e40b6d0", "token": "eyJ0eXAiOiJKV1QiLCJhbGciOiJIUzI1NiJ9.eyJ0b2tlbl90eXBlIjoicmVmcmVzaCIsImV4cCI6MTYxMjA4NzU5NSwianRpIjoiZTM3OWU0Yzk1MGNlNDE3YWI5ZGM0OTViNWU0MGI2ZDAiLCJ1c2VyX2lkIjoxfQ.xw8mzLWbPL_Y7OKjSwwurmFLNDpfMEoliLhlZgL-8I8", "created_at": "2021-01-21T10:06:35.967Z", "expires_at": "2021-01-31T10:06:35Z"}}, {"model": "token_blacklist.outstandingtoken", "pk": 157, "fields": {"user": 1, "jti": "7c0ace764bc643ac8fcfbafd2137ee21", "token": "eyJ0eXAiOiJKV1QiLCJhbGciOiJIUzI1NiJ9.eyJ0b2tlbl90eXBlIjoicmVmcmVzaCIsImV4cCI6MTYxMjA4NzU5NiwianRpIjoiN2MwYWNlNzY0YmM2NDNhYzhmY2ZiYWZkMjEzN2VlMjEiLCJ1c2VyX2lkIjoxfQ.88AAiQIQejxr6o5mWpDn5KBgwqOyirh75R5Swwaq4uk", "created_at": "2021-01-21T10:06:36.225Z", "expires_at": "2021-01-31T10:06:36Z"}}, {"model": "token_blacklist.outstandingtoken", "pk": 158, "fields": {"user": 1, "jti": "0b8144e8bc554047852cbd16701a9642", "token": "eyJ0eXAiOiJKV1QiLCJhbGciOiJIUzI1NiJ9.eyJ0b2tlbl90eXBlIjoicmVmcmVzaCIsImV4cCI6MTYxMjA5MDI5NSwianRpIjoiMGI4MTQ0ZThiYzU1NDA0Nzg1MmNiZDE2NzAxYTk2NDIiLCJ1c2VyX2lkIjoxfQ.6lNuxsj-glkxhEGTfpvzmWr2IxV6xI2o_1snMM35mT4", "created_at": "2021-01-21T10:51:35.274Z", "expires_at": "2021-01-31T10:51:35Z"}}, {"model": "token_blacklist.outstandingtoken", "pk": 159, "fields": {"user": 1, "jti": "ed900db7e9ab42449ad9a9cc784925e1", "token": "eyJ0eXAiOiJKV1QiLCJhbGciOiJIUzI1NiJ9.eyJ0b2tlbl90eXBlIjoicmVmcmVzaCIsImV4cCI6MTYxMjA5MDI5NSwianRpIjoiZWQ5MDBkYjdlOWFiNDI0NDlhZDlhOWNjNzg0OTI1ZTEiLCJ1c2VyX2lkIjoxfQ.YQQ0OWeHc5W2zavEYXYURoO0Mq8HY_OAeMXgIUhFkDw", "created_at": "2021-01-21T10:51:35.367Z", "expires_at": "2021-01-31T10:51:35Z"}}, {"model": "token_blacklist.outstandingtoken", "pk": 160, "fields": {"user": 1, "jti": "3c8d835e8fcd4abf99adbcd30bae1ff2", "token": "eyJ0eXAiOiJKV1QiLCJhbGciOiJIUzI1NiJ9.eyJ0b2tlbl90eXBlIjoicmVmcmVzaCIsImV4cCI6MTYxMjA5NTI0OCwianRpIjoiM2M4ZDgzNWU4ZmNkNGFiZjk5YWRiY2QzMGJhZTFmZjIiLCJ1c2VyX2lkIjoxfQ.bHO127imfxVoD_Mh75g2Cnecja2pHYA2u3b8r_VJI3A", "created_at": "2021-01-21T12:14:08.701Z", "expires_at": "2021-01-31T12:14:08Z"}}, {"model": "token_blacklist.outstandingtoken", "pk": 161, "fields": {"user": 1, "jti": "9c635147a7e740169a69f4e13090fb2c", "token": "eyJ0eXAiOiJKV1QiLCJhbGciOiJIUzI1NiJ9.eyJ0b2tlbl90eXBlIjoicmVmcmVzaCIsImV4cCI6MTYxMjA5NTI0OCwianRpIjoiOWM2MzUxNDdhN2U3NDAxNjlhNjlmNGUxMzA5MGZiMmMiLCJ1c2VyX2lkIjoxfQ.v8gwi4kZ7sboibvtdE8uLsa2MmF8kJrh6L3wGbSmr1A", "created_at": "2021-01-21T12:14:08.801Z", "expires_at": "2021-01-31T12:14:08Z"}}, {"model": "token_blacklist.outstandingtoken", "pk": 162, "fields": {"user": 1, "jti": "1da8afd9bf944e8fbebca680ee4cb3e5", "token": "eyJ0eXAiOiJKV1QiLCJhbGciOiJIUzI1NiJ9.eyJ0b2tlbl90eXBlIjoicmVmcmVzaCIsImV4cCI6MTYxMjA5Nzg1MywianRpIjoiMWRhOGFmZDliZjk0NGU4ZmJlYmNhNjgwZWU0Y2IzZTUiLCJ1c2VyX2lkIjoxfQ.1VTbQlVZE4FJR-Xy5qChrNHHfsc8zDGzmA-x9UvoDXk", "created_at": "2021-01-21T12:57:33.973Z", "expires_at": "2021-01-31T12:57:33Z"}}, {"model": "token_blacklist.outstandingtoken", "pk": 163, "fields": {"user": 1, "jti": "349b838754db45c98f9b18826f6eeb26", "token": "eyJ0eXAiOiJKV1QiLCJhbGciOiJIUzI1NiJ9.eyJ0b2tlbl90eXBlIjoicmVmcmVzaCIsImV4cCI6MTYxMjA5Nzg1NCwianRpIjoiMzQ5YjgzODc1NGRiNDVjOThmOWIxODgyNmY2ZWViMjYiLCJ1c2VyX2lkIjoxfQ.1kf_FPZVLgaOmQSTlhk4Uy9mz35rSeIcnqIP4cBbDXs", "created_at": "2021-01-21T12:57:34.040Z", "expires_at": "2021-01-31T12:57:34Z"}}, {"model": "token_blacklist.outstandingtoken", "pk": 164, "fields": {"user": 1, "jti": "d22097146efe4c8cbb3cf6763d5b5959", "token": "eyJ0eXAiOiJKV1QiLCJhbGciOiJIUzI1NiJ9.eyJ0b2tlbl90eXBlIjoicmVmcmVzaCIsImV4cCI6MTYxMjEzNDg5MiwianRpIjoiZDIyMDk3MTQ2ZWZlNGM4Y2JiM2NmNjc2M2Q1YjU5NTkiLCJ1c2VyX2lkIjoxfQ.0A2BgjVZPYmxgTRkeFTQpYl55KqKzkBeCN6BNacMraM", "created_at": "2021-01-21T23:14:52.563Z", "expires_at": "2021-01-31T23:14:52Z"}}, {"model": "token_blacklist.outstandingtoken", "pk": 165, "fields": {"user": 1, "jti": "1c783f1599734e89a6c39f21395de483", "token": "eyJ0eXAiOiJKV1QiLCJhbGciOiJIUzI1NiJ9.eyJ0b2tlbl90eXBlIjoicmVmcmVzaCIsImV4cCI6MTYxMjEzNDg5MiwianRpIjoiMWM3ODNmMTU5OTczNGU4OWE2YzM5ZjIxMzk1ZGU0ODMiLCJ1c2VyX2lkIjoxfQ.BrAdY7YlVkKqsUULHrv_mnxRKbgfAH2Aerj8mISn4UQ", "created_at": "2021-01-21T23:14:52.640Z", "expires_at": "2021-01-31T23:14:52Z"}}, {"model": "token_blacklist.outstandingtoken", "pk": 166, "fields": {"user": 1, "jti": "df04f50c55fe4815822ebfe7d49acac3", "token": "eyJ0eXAiOiJKV1QiLCJhbGciOiJIUzI1NiJ9.eyJ0b2tlbl90eXBlIjoicmVmcmVzaCIsImV4cCI6MTYxMjEzNjA3NywianRpIjoiZGYwNGY1MGM1NWZlNDgxNTgyMmViZmU3ZDQ5YWNhYzMiLCJ1c2VyX2lkIjoxfQ.qTNo_6buSx-AgWPGN4pgmFEZnXqdeWAtfkXyn2Axdb4", "created_at": "2021-01-21T23:34:37.569Z", "expires_at": "2021-01-31T23:34:37Z"}}, {"model": "token_blacklist.outstandingtoken", "pk": 167, "fields": {"user": 1, "jti": "9c9df110ff44434b9435caf3065bd45a", "token": "eyJ0eXAiOiJKV1QiLCJhbGciOiJIUzI1NiJ9.eyJ0b2tlbl90eXBlIjoicmVmcmVzaCIsImV4cCI6MTYxMjEzNjA3NywianRpIjoiOWM5ZGYxMTBmZjQ0NDM0Yjk0MzVjYWYzMDY1YmQ0NWEiLCJ1c2VyX2lkIjoxfQ.IxomweEXlbTE8wRnu27SOK_25vyyopjNzOCoOl6Sc8U", "created_at": "2021-01-21T23:34:37.716Z", "expires_at": "2021-01-31T23:34:37Z"}}, {"model": "token_blacklist.outstandingtoken", "pk": 168, "fields": {"user": 1, "jti": "f68bb744d5084f1f927f4d8df6592ff1", "token": "eyJ0eXAiOiJKV1QiLCJhbGciOiJIUzI1NiJ9.eyJ0b2tlbl90eXBlIjoicmVmcmVzaCIsImV4cCI6MTYxMjEzODY4MCwianRpIjoiZjY4YmI3NDRkNTA4NGYxZjkyN2Y0ZDhkZjY1OTJmZjEiLCJ1c2VyX2lkIjoxfQ.slfIDjJyRjnnDMpyf_2rNiFUYDyM8M4qyZyfUvpjfDY", "created_at": "2021-01-22T00:18:00.493Z", "expires_at": "2021-02-01T00:18:00Z"}}, {"model": "token_blacklist.outstandingtoken", "pk": 169, "fields": {"user": 1, "jti": "6c1708bf76aa470baa22b7a6de48842f", "token": "eyJ0eXAiOiJKV1QiLCJhbGciOiJIUzI1NiJ9.eyJ0b2tlbl90eXBlIjoicmVmcmVzaCIsImV4cCI6MTYxMjEzODY4MCwianRpIjoiNmMxNzA4YmY3NmFhNDcwYmFhMjJiN2E2ZGU0ODg0MmYiLCJ1c2VyX2lkIjoxfQ.16PLoq0jzACjHQkmxQ7zmJkmJ1vZ6Fwmsr4cTJwMlcM", "created_at": "2021-01-22T00:18:00.580Z", "expires_at": "2021-02-01T00:18:00Z"}}, {"model": "token_blacklist.outstandingtoken", "pk": 170, "fields": {"user": 1, "jti": "ac9e726157f14fc388aea41062e94c0d", "token": "eyJ0eXAiOiJKV1QiLCJhbGciOiJIUzI1NiJ9.eyJ0b2tlbl90eXBlIjoicmVmcmVzaCIsImV4cCI6MTYxMjE0MjMxNywianRpIjoiYWM5ZTcyNjE1N2YxNGZjMzg4YWVhNDEwNjJlOTRjMGQiLCJ1c2VyX2lkIjoxfQ.7zTeyXvyL8EvnSIrXdTxNLNTBIaisUeRzwjPfKbafNQ", "created_at": "2021-01-22T01:18:37.095Z", "expires_at": "2021-02-01T01:18:37Z"}}, {"model": "token_blacklist.outstandingtoken", "pk": 171, "fields": {"user": 1, "jti": "be7840706f4049f2bc650836793a913a", "token": "eyJ0eXAiOiJKV1QiLCJhbGciOiJIUzI1NiJ9.eyJ0b2tlbl90eXBlIjoicmVmcmVzaCIsImV4cCI6MTYxMjE0MjMxNywianRpIjoiYmU3ODQwNzA2ZjQwNDlmMmJjNjUwODM2NzkzYTkxM2EiLCJ1c2VyX2lkIjoxfQ.bY8k-FB3oAF4iQcxWJSdE5Q3rkl1p8RBC42AeTYf-4I", "created_at": "2021-01-22T01:18:37.191Z", "expires_at": "2021-02-01T01:18:37Z"}}, {"model": "token_blacklist.outstandingtoken", "pk": 172, "fields": {"user": 1, "jti": "615a9428f8dd48309f9bcf47fe83d524", "token": "eyJ0eXAiOiJKV1QiLCJhbGciOiJIUzI1NiJ9.eyJ0b2tlbl90eXBlIjoicmVmcmVzaCIsImV4cCI6MTYxMjE0NzkyOSwianRpIjoiNjE1YTk0MjhmOGRkNDgzMDlmOWJjZjQ3ZmU4M2Q1MjQiLCJ1c2VyX2lkIjoxfQ.aLS-8d4kTEOIap9fF7mWqHVdNTua-E58z5-awn4ijVs", "created_at": "2021-01-22T02:52:09.104Z", "expires_at": "2021-02-01T02:52:09Z"}}, {"model": "token_blacklist.outstandingtoken", "pk": 173, "fields": {"user": 1, "jti": "83cb608df0d74a9eafd06fdcf5803b49", "token": "eyJ0eXAiOiJKV1QiLCJhbGciOiJIUzI1NiJ9.eyJ0b2tlbl90eXBlIjoicmVmcmVzaCIsImV4cCI6MTYxMjE0NzkyOSwianRpIjoiODNjYjYwOGRmMGQ3NGE5ZWFmZDA2ZmRjZjU4MDNiNDkiLCJ1c2VyX2lkIjoxfQ.2wcFrGw5lgv0KXcZgm6C6XFZLHLexipUKeI5d0h6BfI", "created_at": "2021-01-22T02:52:09.250Z", "expires_at": "2021-02-01T02:52:09Z"}}, {"model": "token_blacklist.outstandingtoken", "pk": 174, "fields": {"user": 1, "jti": "e3e42570f28846739b185deb89d52059", "token": "eyJ0eXAiOiJKV1QiLCJhbGciOiJIUzI1NiJ9.eyJ0b2tlbl90eXBlIjoicmVmcmVzaCIsImV4cCI6MTYxMjE0ODg4MywianRpIjoiZTNlNDI1NzBmMjg4NDY3MzliMTg1ZGViODlkNTIwNTkiLCJ1c2VyX2lkIjoxfQ.E1sC7LaUjMjp8jejullnhyFkPadSceMHMB9cOFncZ94", "created_at": "2021-01-22T03:08:03.500Z", "expires_at": "2021-02-01T03:08:03Z"}}, {"model": "token_blacklist.outstandingtoken", "pk": 175, "fields": {"user": 1, "jti": "5b9a680e63b6407583038b33b8ac7463", "token": "eyJ0eXAiOiJKV1QiLCJhbGciOiJIUzI1NiJ9.eyJ0b2tlbl90eXBlIjoicmVmcmVzaCIsImV4cCI6MTYxMjE0ODg4MywianRpIjoiNWI5YTY4MGU2M2I2NDA3NTgzMDM4YjMzYjhhYzc0NjMiLCJ1c2VyX2lkIjoxfQ.uAPX5ivUcoDwmLbh7c7rYN7Xql2Z0QclXBwauwvlLkM", "created_at": "2021-01-22T03:08:03.669Z", "expires_at": "2021-02-01T03:08:03Z"}}, {"model": "token_blacklist.outstandingtoken", "pk": 176, "fields": {"user": 1, "jti": "084697038da14631aa9ecfc32a8d89c1", "token": "eyJ0eXAiOiJKV1QiLCJhbGciOiJIUzI1NiJ9.eyJ0b2tlbl90eXBlIjoicmVmcmVzaCIsImV4cCI6MTYxMjE1MDQ2NCwianRpIjoiMDg0Njk3MDM4ZGExNDYzMWFhOWVjZmMzMmE4ZDg5YzEiLCJ1c2VyX2lkIjoxfQ.yg8kYKa7JbTPjDi2pxIC1ZFT_rZ0d9y-0hSLr0UM9Cg", "created_at": "2021-01-22T03:34:24.374Z", "expires_at": "2021-02-01T03:34:24Z"}}, {"model": "token_blacklist.outstandingtoken", "pk": 177, "fields": {"user": 1, "jti": "9e2a35f06a2d4b34bd1c50a700f46443", "token": "eyJ0eXAiOiJKV1QiLCJhbGciOiJIUzI1NiJ9.eyJ0b2tlbl90eXBlIjoicmVmcmVzaCIsImV4cCI6MTYxMjE1MDQ2NCwianRpIjoiOWUyYTM1ZjA2YTJkNGIzNGJkMWM1MGE3MDBmNDY0NDMiLCJ1c2VyX2lkIjoxfQ.W2dseScuP91-PN-E-Q_SzAmgMV50H1H6P7v_kFdRvhs", "created_at": "2021-01-22T03:34:24.482Z", "expires_at": "2021-02-01T03:34:24Z"}}, {"model": "token_blacklist.outstandingtoken", "pk": 178, "fields": {"user": 1, "jti": "d7df0b1cd2a6456693c926083059fdc7", "token": "eyJ0eXAiOiJKV1QiLCJhbGciOiJIUzI1NiJ9.eyJ0b2tlbl90eXBlIjoicmVmcmVzaCIsImV4cCI6MTYxMjE1MTU2NSwianRpIjoiZDdkZjBiMWNkMmE2NDU2NjkzYzkyNjA4MzA1OWZkYzciLCJ1c2VyX2lkIjoxfQ.lSKBAbPzlNgXgbCjgrYxEFHphqjFYQtOIyO-b9L-sF0", "created_at": "2021-01-22T03:52:45.775Z", "expires_at": "2021-02-01T03:52:45Z"}}, {"model": "token_blacklist.outstandingtoken", "pk": 179, "fields": {"user": 1, "jti": "e772b3c8ef6746f4aedbd5cf8bbb4937", "token": "eyJ0eXAiOiJKV1QiLCJhbGciOiJIUzI1NiJ9.eyJ0b2tlbl90eXBlIjoicmVmcmVzaCIsImV4cCI6MTYxMjE1MTU2NSwianRpIjoiZTc3MmIzYzhlZjY3NDZmNGFlZGJkNWNmOGJiYjQ5MzciLCJ1c2VyX2lkIjoxfQ.nZcq8siJXsefvUCUVBs4bZeg7oxvm0UdqJBJzq5bqfc", "created_at": "2021-01-22T03:52:45.894Z", "expires_at": "2021-02-01T03:52:45Z"}}, {"model": "token_blacklist.outstandingtoken", "pk": 180, "fields": {"user": 1, "jti": "c9d995f5230a4c0c99ddbf4b3be4ee4f", "token": "eyJ0eXAiOiJKV1QiLCJhbGciOiJIUzI1NiJ9.eyJ0b2tlbl90eXBlIjoicmVmcmVzaCIsImV4cCI6MTYxMjE1NTIwOSwianRpIjoiYzlkOTk1ZjUyMzBhNGMwYzk5ZGRiZjRiM2JlNGVlNGYiLCJ1c2VyX2lkIjoxfQ.zY6cy5Ir_cNcmClvjS5rOAGd1fRmZ-cZd6KIF_EFMU8", "created_at": "2021-01-22T04:53:29.998Z", "expires_at": "2021-02-01T04:53:29Z"}}, {"model": "token_blacklist.outstandingtoken", "pk": 181, "fields": {"user": 1, "jti": "ffbe3af0b7e04c9198eeb2aa44fddd9c", "token": "eyJ0eXAiOiJKV1QiLCJhbGciOiJIUzI1NiJ9.eyJ0b2tlbl90eXBlIjoicmVmcmVzaCIsImV4cCI6MTYxMjE1NTIxMCwianRpIjoiZmZiZTNhZjBiN2UwNGM5MTk4ZWViMmFhNDRmZGRkOWMiLCJ1c2VyX2lkIjoxfQ.RbgxRQzL6Us7lwRtcu9MnxKFNJL_WnJF2zomjPU6E0E", "created_at": "2021-01-22T04:53:30.071Z", "expires_at": "2021-02-01T04:53:30Z"}}, {"model": "token_blacklist.outstandingtoken", "pk": 182, "fields": {"user": 1, "jti": "62338cb7143c4ee9a9a9b88d06a72c0b", "token": "eyJ0eXAiOiJKV1QiLCJhbGciOiJIUzI1NiJ9.eyJ0b2tlbl90eXBlIjoicmVmcmVzaCIsImV4cCI6MTYxMjE2MTUyNSwianRpIjoiNjIzMzhjYjcxNDNjNGVlOWE5YTliODhkMDZhNzJjMGIiLCJ1c2VyX2lkIjoxfQ.iPJ272Ng6DOzySd7RfQXvh-gJobjhMRSS2hKvV93PO4", "created_at": "2021-01-22T06:38:45.234Z", "expires_at": "2021-02-01T06:38:45Z"}}, {"model": "token_blacklist.outstandingtoken", "pk": 183, "fields": {"user": 1, "jti": "884d4a97dd1949c79302907814db5012", "token": "eyJ0eXAiOiJKV1QiLCJhbGciOiJIUzI1NiJ9.eyJ0b2tlbl90eXBlIjoicmVmcmVzaCIsImV4cCI6MTYxMjE2MTUyNSwianRpIjoiODg0ZDRhOTdkZDE5NDljNzkzMDI5MDc4MTRkYjUwMTIiLCJ1c2VyX2lkIjoxfQ.wPnjLOcKkw7zMUIWxOzfQTXTHrlSYvARjL_cVLkSIes", "created_at": "2021-01-22T06:38:45.338Z", "expires_at": "2021-02-01T06:38:45Z"}}, {"model": "token_blacklist.outstandingtoken", "pk": 184, "fields": {"user": 1, "jti": "f93be3d026444ac18f153d81e6e09bee", "token": "eyJ0eXAiOiJKV1QiLCJhbGciOiJIUzI1NiJ9.eyJ0b2tlbl90eXBlIjoicmVmcmVzaCIsImV4cCI6MTYxMjIyMTg2OSwianRpIjoiZjkzYmUzZDAyNjQ0NGFjMThmMTUzZDgxZTZlMDliZWUiLCJ1c2VyX2lkIjoxfQ.erlEmjL8LVZC7usfAK1WH4Hk8gfVMgmvRMYDg-HVuE0", "created_at": "2021-01-22T23:24:29.735Z", "expires_at": "2021-02-01T23:24:29Z"}}, {"model": "token_blacklist.outstandingtoken", "pk": 185, "fields": {"user": 1, "jti": "fdb885a193a24b33a98ec3c8db8d04d0", "token": "eyJ0eXAiOiJKV1QiLCJhbGciOiJIUzI1NiJ9.eyJ0b2tlbl90eXBlIjoicmVmcmVzaCIsImV4cCI6MTYxMjIyMTg2OSwianRpIjoiZmRiODg1YTE5M2EyNGIzM2E5OGVjM2M4ZGI4ZDA0ZDAiLCJ1c2VyX2lkIjoxfQ.Imz3AW4i9bmNfiA15RVtPDU7anum9jQq9L3dpUWRXFI", "created_at": "2021-01-22T23:24:29.809Z", "expires_at": "2021-02-01T23:24:29Z"}}, {"model": "token_blacklist.outstandingtoken", "pk": 186, "fields": {"user": 1, "jti": "5ef93417a74746f3b44fbeb2a17a168b", "token": "eyJ0eXAiOiJKV1QiLCJhbGciOiJIUzI1NiJ9.eyJ0b2tlbl90eXBlIjoicmVmcmVzaCIsImV4cCI6MTYxMjIyMzU0MCwianRpIjoiNWVmOTM0MTdhNzQ3NDZmM2I0NGZiZWIyYTE3YTE2OGIiLCJ1c2VyX2lkIjoxfQ.UJ94-sB-rtLNvEO5t4jbZqxH542jnhmOmcjR8NSQE4k", "created_at": "2021-01-22T23:52:20.125Z", "expires_at": "2021-02-01T23:52:20Z"}}, {"model": "token_blacklist.outstandingtoken", "pk": 187, "fields": {"user": 1, "jti": "a3e0365a72924226bb089b9a27b2b537", "token": "eyJ0eXAiOiJKV1QiLCJhbGciOiJIUzI1NiJ9.eyJ0b2tlbl90eXBlIjoicmVmcmVzaCIsImV4cCI6MTYxMjIyMzU0MCwianRpIjoiYTNlMDM2NWE3MjkyNDIyNmJiMDg5YjlhMjdiMmI1MzciLCJ1c2VyX2lkIjoxfQ.Rf9JUnl11EFG-y-taAGs0Dd1hRIO9AFBHOXWMRVXOaE", "created_at": "2021-01-22T23:52:20.192Z", "expires_at": "2021-02-01T23:52:20Z"}}, {"model": "token_blacklist.outstandingtoken", "pk": 188, "fields": {"user": 1, "jti": "f138922822c64da6a420d99df0e1fd88", "token": "eyJ0eXAiOiJKV1QiLCJhbGciOiJIUzI1NiJ9.eyJ0b2tlbl90eXBlIjoicmVmcmVzaCIsImV4cCI6MTYxMjIyNjE4MywianRpIjoiZjEzODkyMjgyMmM2NGRhNmE0MjBkOTlkZjBlMWZkODgiLCJ1c2VyX2lkIjoxfQ.lt5cHWOCQ5ha25pEn2SSozP-bjrUDXFTE2ROFkFs6UA", "created_at": "2021-01-23T00:36:23.052Z", "expires_at": "2021-02-02T00:36:23Z"}}, {"model": "token_blacklist.outstandingtoken", "pk": 189, "fields": {"user": 1, "jti": "d5587194026f4040a3ae7cdd588a18af", "token": "eyJ0eXAiOiJKV1QiLCJhbGciOiJIUzI1NiJ9.eyJ0b2tlbl90eXBlIjoicmVmcmVzaCIsImV4cCI6MTYxMjIyNjE4MywianRpIjoiZDU1ODcxOTQwMjZmNDA0MGEzYWU3Y2RkNTg4YTE4YWYiLCJ1c2VyX2lkIjoxfQ.H0FwYc5MO9ysRcFf9_Bbn9JcTjcufH0awZzG9L_rXp8", "created_at": "2021-01-23T00:36:23.137Z", "expires_at": "2021-02-02T00:36:23Z"}}, {"model": "token_blacklist.outstandingtoken", "pk": 190, "fields": {"user": 1, "jti": "e7d022740bcc46f0831a4d9a97b5fd48", "token": "eyJ0eXAiOiJKV1QiLCJhbGciOiJIUzI1NiJ9.eyJ0b2tlbl90eXBlIjoicmVmcmVzaCIsImV4cCI6MTYxMjIzMzgyNSwianRpIjoiZTdkMDIyNzQwYmNjNDZmMDgzMWE0ZDlhOTdiNWZkNDgiLCJ1c2VyX2lkIjoxfQ.OiIkMJkVp3PbWoy2WZSPTMIRQrA_jmAKqVK5Lcl6PdA", "created_at": "2021-01-23T02:43:45.294Z", "expires_at": "2021-02-02T02:43:45Z"}}, {"model": "token_blacklist.outstandingtoken", "pk": 191, "fields": {"user": 1, "jti": "a6d3e22a69aa4dd58891073bbe4d0438", "token": "eyJ0eXAiOiJKV1QiLCJhbGciOiJIUzI1NiJ9.eyJ0b2tlbl90eXBlIjoicmVmcmVzaCIsImV4cCI6MTYxMjIzMzgyNSwianRpIjoiYTZkM2UyMmE2OWFhNGRkNTg4OTEwNzNiYmU0ZDA0MzgiLCJ1c2VyX2lkIjoxfQ.g-8mk-cn0LONMoRrsan3Vy1w0OMkNVXzK4jVtmMh7ss", "created_at": "2021-01-23T02:43:45.373Z", "expires_at": "2021-02-02T02:43:45Z"}}, {"model": "token_blacklist.outstandingtoken", "pk": 192, "fields": {"user": 1, "jti": "fc56e83f083b476bae200034ec551e33", "token": "eyJ0eXAiOiJKV1QiLCJhbGciOiJIUzI1NiJ9.eyJ0b2tlbl90eXBlIjoicmVmcmVzaCIsImV4cCI6MTYxMjIzNDIxNywianRpIjoiZmM1NmU4M2YwODNiNDc2YmFlMjAwMDM0ZWM1NTFlMzMiLCJ1c2VyX2lkIjoxfQ.QVD1LSeAu5W_S-MIYNlOJnimoDt1xFjopSSk5pbDWYo", "created_at": "2021-01-23T02:50:17.987Z", "expires_at": "2021-02-02T02:50:17Z"}}, {"model": "token_blacklist.outstandingtoken", "pk": 193, "fields": {"user": 1, "jti": "13702e663d9f4fe9be23231583ba6e86", "token": "eyJ0eXAiOiJKV1QiLCJhbGciOiJIUzI1NiJ9.eyJ0b2tlbl90eXBlIjoicmVmcmVzaCIsImV4cCI6MTYxMjIzNDIxOCwianRpIjoiMTM3MDJlNjYzZDlmNGZlOWJlMjMyMzE1ODNiYTZlODYiLCJ1c2VyX2lkIjoxfQ.gKrIvJ4xGJB8aCeVF8xH7QMC6MNlnsUnnMNNzsF9uLY", "created_at": "2021-01-23T02:50:18.063Z", "expires_at": "2021-02-02T02:50:18Z"}}, {"model": "token_blacklist.outstandingtoken", "pk": 194, "fields": {"user": 1, "jti": "989d0ec73f9f48c9bec2240b85aa6c1e", "token": "eyJ0eXAiOiJKV1QiLCJhbGciOiJIUzI1NiJ9.eyJ0b2tlbl90eXBlIjoicmVmcmVzaCIsImV4cCI6MTYxMjIzNTQ4MywianRpIjoiOTg5ZDBlYzczZjlmNDhjOWJlYzIyNDBiODVhYTZjMWUiLCJ1c2VyX2lkIjoxfQ.GREmTOeT2dbtLWDehOnkLgwBkawOwG-tMdxOscDsK_0", "created_at": "2021-01-23T03:11:23.169Z", "expires_at": "2021-02-02T03:11:23Z"}}, {"model": "token_blacklist.outstandingtoken", "pk": 195, "fields": {"user": 1, "jti": "6ff05673fa1e48219fc995aadd159e28", "token": "eyJ0eXAiOiJKV1QiLCJhbGciOiJIUzI1NiJ9.eyJ0b2tlbl90eXBlIjoicmVmcmVzaCIsImV4cCI6MTYxMjIzNTQ4MywianRpIjoiNmZmMDU2NzNmYTFlNDgyMTlmYzk5NWFhZGQxNTllMjgiLCJ1c2VyX2lkIjoxfQ.nAlbhRyC8f9-J97be6yNRvDl3WE8Yiqosf0jeK3e5Zo", "created_at": "2021-01-23T03:11:23.263Z", "expires_at": "2021-02-02T03:11:23Z"}}, {"model": "token_blacklist.outstandingtoken", "pk": 196, "fields": {"user": 1, "jti": "0e84f0b437504ac0801947d8f80adfaf", "token": "eyJ0eXAiOiJKV1QiLCJhbGciOiJIUzI1NiJ9.eyJ0b2tlbl90eXBlIjoicmVmcmVzaCIsImV4cCI6MTYxMjIzODA5MiwianRpIjoiMGU4NGYwYjQzNzUwNGFjMDgwMTk0N2Q4ZjgwYWRmYWYiLCJ1c2VyX2lkIjoxfQ.jr2xeNZlv9nJ-EIjgTFns69pa-XfdevCNJjKdGGRWuw", "created_at": "2021-01-23T03:54:52.714Z", "expires_at": "2021-02-02T03:54:52Z"}}, {"model": "token_blacklist.outstandingtoken", "pk": 197, "fields": {"user": 1, "jti": "cadca7d86057421781a86868e2b50707", "token": "eyJ0eXAiOiJKV1QiLCJhbGciOiJIUzI1NiJ9.eyJ0b2tlbl90eXBlIjoicmVmcmVzaCIsImV4cCI6MTYxMjIzODA5MiwianRpIjoiY2FkY2E3ZDg2MDU3NDIxNzgxYTg2ODY4ZTJiNTA3MDciLCJ1c2VyX2lkIjoxfQ.1pIhB63VEGc3t8LOJlW5CWSG1iRXgClQan-KpPD3c0w", "created_at": "2021-01-23T03:54:52.812Z", "expires_at": "2021-02-02T03:54:52Z"}}, {"model": "token_blacklist.outstandingtoken", "pk": 198, "fields": {"user": 1, "jti": "daa818ebb373497083e489370c5e7875", "token": "eyJ0eXAiOiJKV1QiLCJhbGciOiJIUzI1NiJ9.eyJ0b2tlbl90eXBlIjoicmVmcmVzaCIsImV4cCI6MTYxMjIzODc5MiwianRpIjoiZGFhODE4ZWJiMzczNDk3MDgzZTQ4OTM3MGM1ZTc4NzUiLCJ1c2VyX2lkIjoxfQ.kTc_x1fmlcvAYoRMWxPqysJ-hei0SVXbwsxsE3A3Q1o", "created_at": "2021-01-23T04:06:32.243Z", "expires_at": "2021-02-02T04:06:32Z"}}, {"model": "token_blacklist.outstandingtoken", "pk": 199, "fields": {"user": 1, "jti": "3d4b5331325d44dc915ec85ce881ab09", "token": "eyJ0eXAiOiJKV1QiLCJhbGciOiJIUzI1NiJ9.eyJ0b2tlbl90eXBlIjoicmVmcmVzaCIsImV4cCI6MTYxMjIzODc5MiwianRpIjoiM2Q0YjUzMzEzMjVkNDRkYzkxNWVjODVjZTg4MWFiMDkiLCJ1c2VyX2lkIjoxfQ.9KKbG2kjcKqpAuj9-n57EchHo1oQ71QpC-YB4eF_WfI", "created_at": "2021-01-23T04:06:32.355Z", "expires_at": "2021-02-02T04:06:32Z"}}, {"model": "token_blacklist.outstandingtoken", "pk": 200, "fields": {"user": 1, "jti": "f09788874b7a44ae9615cc5d8fc547e1", "token": "eyJ0eXAiOiJKV1QiLCJhbGciOiJIUzI1NiJ9.eyJ0b2tlbl90eXBlIjoicmVmcmVzaCIsImV4cCI6MTYxMjI0NTExOCwianRpIjoiZjA5Nzg4ODc0YjdhNDRhZTk2MTVjYzVkOGZjNTQ3ZTEiLCJ1c2VyX2lkIjoxfQ.wQI_sZpYN39PEEhqAgE3JqcQZmjKJZ3qsnb6C0c12a8", "created_at": "2021-01-23T05:51:58.886Z", "expires_at": "2021-02-02T05:51:58Z"}}, {"model": "token_blacklist.outstandingtoken", "pk": 201, "fields": {"user": 1, "jti": "f4f0239aa3084c039839123846935255", "token": "eyJ0eXAiOiJKV1QiLCJhbGciOiJIUzI1NiJ9.eyJ0b2tlbl90eXBlIjoicmVmcmVzaCIsImV4cCI6MTYxMjI0NTExOCwianRpIjoiZjRmMDIzOWFhMzA4NGMwMzk4MzkxMjM4NDY5MzUyNTUiLCJ1c2VyX2lkIjoxfQ.elVex2b9OV6BcVO0HUUqXm99MKE32CuSBcjYH5sTcOc", "created_at": "2021-01-23T05:51:58.960Z", "expires_at": "2021-02-02T05:51:58Z"}}, {"model": "token_blacklist.outstandingtoken", "pk": 202, "fields": {"user": 1, "jti": "cb926ade6e55479d858a1b6a3bfbc40c", "token": "eyJ0eXAiOiJKV1QiLCJhbGciOiJIUzI1NiJ9.eyJ0b2tlbl90eXBlIjoicmVmcmVzaCIsImV4cCI6MTYxMjI1MTU2MywianRpIjoiY2I5MjZhZGU2ZTU1NDc5ZDg1OGExYjZhM2JmYmM0MGMiLCJ1c2VyX2lkIjoxfQ.u_6QKh5LxDxL8Omr_4nf-Quc5Hl7pmbP2RdCKScc4hQ", "created_at": "2021-01-23T07:39:23.486Z", "expires_at": "2021-02-02T07:39:23Z"}}, {"model": "token_blacklist.outstandingtoken", "pk": 203, "fields": {"user": 1, "jti": "e4ecdfe838784d3cb31a94b1c01e31a6", "token": "eyJ0eXAiOiJKV1QiLCJhbGciOiJIUzI1NiJ9.eyJ0b2tlbl90eXBlIjoicmVmcmVzaCIsImV4cCI6MTYxMjI1MTU2MywianRpIjoiZTRlY2RmZTgzODc4NGQzY2IzMWE5NGIxYzAxZTMxYTYiLCJ1c2VyX2lkIjoxfQ.Fx-WffFnwwoRYhn_lp7X2uV3S9X4fVksJ3nxvPIoiFA", "created_at": "2021-01-23T07:39:23.569Z", "expires_at": "2021-02-02T07:39:23Z"}}, {"model": "token_blacklist.outstandingtoken", "pk": 204, "fields": {"user": 1, "jti": "7594b285294143ff8762c3484ef1f1b0", "token": "eyJ0eXAiOiJKV1QiLCJhbGciOiJIUzI1NiJ9.eyJ0b2tlbl90eXBlIjoicmVmcmVzaCIsImV4cCI6MTYxMjI1NTI1MCwianRpIjoiNzU5NGIyODUyOTQxNDNmZjg3NjJjMzQ4NGVmMWYxYjAiLCJ1c2VyX2lkIjoxfQ.42X1DAXpela5gWCFZ8cfxK2DZQF87gMzBs-6ZTzOxe8", "created_at": "2021-01-23T08:40:50.787Z", "expires_at": "2021-02-02T08:40:50Z"}}, {"model": "token_blacklist.outstandingtoken", "pk": 205, "fields": {"user": 1, "jti": "a1dc7b62c7ef46fd8cda3f86731c8957", "token": "eyJ0eXAiOiJKV1QiLCJhbGciOiJIUzI1NiJ9.eyJ0b2tlbl90eXBlIjoicmVmcmVzaCIsImV4cCI6MTYxMjI1NTI1MCwianRpIjoiYTFkYzdiNjJjN2VmNDZmZDhjZGEzZjg2NzMxYzg5NTciLCJ1c2VyX2lkIjoxfQ.GjXkF4KtmErOpUZQfu8_6Do2Jek3ooA4blPen-zLdnE", "created_at": "2021-01-23T08:40:50.871Z", "expires_at": "2021-02-02T08:40:50Z"}}, {"model": "token_blacklist.outstandingtoken", "pk": 206, "fields": {"user": 1, "jti": "4d866eb73b4d43209fb6a1a4255ab8df", "token": "eyJ0eXAiOiJKV1QiLCJhbGciOiJIUzI1NiJ9.eyJ0b2tlbl90eXBlIjoicmVmcmVzaCIsImV4cCI6MTYxMjI1NTM3MiwianRpIjoiNGQ4NjZlYjczYjRkNDMyMDlmYjZhMWE0MjU1YWI4ZGYiLCJ1c2VyX2lkIjoxfQ.3g5UCwLGUgaPTLD99BEB7hp6YZoSXE-bJEXT_RDmJ3I", "created_at": "2021-01-23T08:42:52.425Z", "expires_at": "2021-02-02T08:42:52Z"}}, {"model": "token_blacklist.outstandingtoken", "pk": 207, "fields": {"user": 1, "jti": "9474c7e8a68f4f61813be729b1c289f4", "token": "eyJ0eXAiOiJKV1QiLCJhbGciOiJIUzI1NiJ9.eyJ0b2tlbl90eXBlIjoicmVmcmVzaCIsImV4cCI6MTYxMjI1NTM3MiwianRpIjoiOTQ3NGM3ZThhNjhmNGY2MTgxM2JlNzI5YjFjMjg5ZjQiLCJ1c2VyX2lkIjoxfQ.pfuYjc-zX1XJzVrWLc1tR9QTDzFlab7APeYkAeae0ks", "created_at": "2021-01-23T08:42:52.505Z", "expires_at": "2021-02-02T08:42:52Z"}}, {"model": "token_blacklist.outstandingtoken", "pk": 208, "fields": {"user": 1, "jti": "39fccacd9d9c49efb487f644ae020bf5", "token": "eyJ0eXAiOiJKV1QiLCJhbGciOiJIUzI1NiJ9.eyJ0b2tlbl90eXBlIjoicmVmcmVzaCIsImV4cCI6MTYxMjI2MDU5MCwianRpIjoiMzlmY2NhY2Q5ZDljNDllZmI0ODdmNjQ0YWUwMjBiZjUiLCJ1c2VyX2lkIjoxfQ.1FvqMOZNckJ9QLJ02bTPTU3zlyhaTK9aMB-xH7uEWa8", "created_at": "2021-01-23T10:09:50.988Z", "expires_at": "2021-02-02T10:09:50Z"}}, {"model": "token_blacklist.outstandingtoken", "pk": 209, "fields": {"user": 1, "jti": "663f9834de0c4560bdb8e3d62055a244", "token": "eyJ0eXAiOiJKV1QiLCJhbGciOiJIUzI1NiJ9.eyJ0b2tlbl90eXBlIjoicmVmcmVzaCIsImV4cCI6MTYxMjI2MDU5MSwianRpIjoiNjYzZjk4MzRkZTBjNDU2MGJkYjhlM2Q2MjA1NWEyNDQiLCJ1c2VyX2lkIjoxfQ.4wTRNpIwWCIjXquEQjqWpVasqA2Q3koFBjn4ypMfuoA", "created_at": "2021-01-23T10:09:51.104Z", "expires_at": "2021-02-02T10:09:51Z"}}, {"model": "token_blacklist.outstandingtoken", "pk": 210, "fields": {"user": 1, "jti": "bc4c0b84a165435c8c5f334eed8b8f1f", "token": "eyJ0eXAiOiJKV1QiLCJhbGciOiJIUzI1NiJ9.eyJ0b2tlbl90eXBlIjoicmVmcmVzaCIsImV4cCI6MTYxMjI2NDI0MiwianRpIjoiYmM0YzBiODRhMTY1NDM1YzhjNWYzMzRlZWQ4YjhmMWYiLCJ1c2VyX2lkIjoxfQ.lyGPNE16j3jSpiJO4Pe9qtBAHe84F1I5QqKT7bdkSlQ", "created_at": "2021-01-23T11:10:42.443Z", "expires_at": "2021-02-02T11:10:42Z"}}, {"model": "token_blacklist.outstandingtoken", "pk": 211, "fields": {"user": 1, "jti": "adf58de580f843f7a8eb9e0bb796cf9a", "token": "eyJ0eXAiOiJKV1QiLCJhbGciOiJIUzI1NiJ9.eyJ0b2tlbl90eXBlIjoicmVmcmVzaCIsImV4cCI6MTYxMjI2NDI0MiwianRpIjoiYWRmNThkZTU4MGY4NDNmN2E4ZWI5ZTBiYjc5NmNmOWEiLCJ1c2VyX2lkIjoxfQ.NbzJDO917abxBrSQV1t5GvTzki0xccW39ua4OqrlvB4", "created_at": "2021-01-23T11:10:42.515Z", "expires_at": "2021-02-02T11:10:42Z"}}, {"model": "token_blacklist.outstandingtoken", "pk": 212, "fields": {"user": 1, "jti": "f850627279bb4ca4a00415b606c7da00", "token": "eyJ0eXAiOiJKV1QiLCJhbGciOiJIUzI1NiJ9.eyJ0b2tlbl90eXBlIjoicmVmcmVzaCIsImV4cCI6MTYxMjQxOTAwMywianRpIjoiZjg1MDYyNzI3OWJiNGNhNGEwMDQxNWI2MDZjN2RhMDAiLCJ1c2VyX2lkIjoxfQ.rv_0Xp8WJaiNIsHOOSMQkPlgwZmNl3h9YwGHM9IU_K8", "created_at": "2021-01-25T06:10:03.182Z", "expires_at": "2021-02-04T06:10:03Z"}}, {"model": "token_blacklist.outstandingtoken", "pk": 213, "fields": {"user": 1, "jti": "b8356312cc854bd897d15ecaf67716d4", "token": "eyJ0eXAiOiJKV1QiLCJhbGciOiJIUzI1NiJ9.eyJ0b2tlbl90eXBlIjoicmVmcmVzaCIsImV4cCI6MTYxMjQxOTAwMywianRpIjoiYjgzNTYzMTJjYzg1NGJkODk3ZDE1ZWNhZjY3NzE2ZDQiLCJ1c2VyX2lkIjoxfQ.RPJSSwuv260HFdLsZkjtDTdf97bj1poQEsQHjCYiUaY", "created_at": "2021-01-25T06:10:03.349Z", "expires_at": "2021-02-04T06:10:03Z"}}, {"model": "token_blacklist.outstandingtoken", "pk": 214, "fields": {"user": 1, "jti": "571a9367e7c04af2a2b73aef0c310b5d", "token": "eyJ0eXAiOiJKV1QiLCJhbGciOiJIUzI1NiJ9.eyJ0b2tlbl90eXBlIjoicmVmcmVzaCIsImV4cCI6MTYxMjQyNTYzNiwianRpIjoiNTcxYTkzNjdlN2MwNGFmMmEyYjczYWVmMGMzMTBiNWQiLCJ1c2VyX2lkIjoxfQ.afW8gFXXO_u_PqvwIzhFgV3bBUsdYtBJ9JxG1aWmypM", "created_at": "2021-01-25T08:00:36.942Z", "expires_at": "2021-02-04T08:00:36Z"}}, {"model": "token_blacklist.outstandingtoken", "pk": 215, "fields": {"user": 1, "jti": "bb91d123ee93412bb93b584e26c144f4", "token": "eyJ0eXAiOiJKV1QiLCJhbGciOiJIUzI1NiJ9.eyJ0b2tlbl90eXBlIjoicmVmcmVzaCIsImV4cCI6MTYxMjQyNTYzNywianRpIjoiYmI5MWQxMjNlZTkzNDEyYmI5M2I1ODRlMjZjMTQ0ZjQiLCJ1c2VyX2lkIjoxfQ.GobOkITSstgZQIkJTuCrHMFZjKljQE9BaNZmccNEOA4", "created_at": "2021-01-25T08:00:37.114Z", "expires_at": "2021-02-04T08:00:37Z"}}, {"model": "token_blacklist.outstandingtoken", "pk": 216, "fields": {"user": 1, "jti": "c416c2f87ab64713a0f9a56c73b42b2f", "token": "eyJ0eXAiOiJKV1QiLCJhbGciOiJIUzI1NiJ9.eyJ0b2tlbl90eXBlIjoicmVmcmVzaCIsImV4cCI6MTYxMjQyNjU3NCwianRpIjoiYzQxNmMyZjg3YWI2NDcxM2EwZjlhNTZjNzNiNDJiMmYiLCJ1c2VyX2lkIjoxfQ.celRwYxwZzDH5L370WINaD5cTqKmLqRiJPo6Zei-ZVk", "created_at": "2021-01-25T08:16:14.629Z", "expires_at": "2021-02-04T08:16:14Z"}}, {"model": "token_blacklist.outstandingtoken", "pk": 217, "fields": {"user": 1, "jti": "9df8a665c2214b7fabee9e178e346364", "token": "eyJ0eXAiOiJKV1QiLCJhbGciOiJIUzI1NiJ9.eyJ0b2tlbl90eXBlIjoicmVmcmVzaCIsImV4cCI6MTYxMjQyNjU3NCwianRpIjoiOWRmOGE2NjVjMjIxNGI3ZmFiZWU5ZTE3OGUzNDYzNjQiLCJ1c2VyX2lkIjoxfQ.x2p4gdjDKdQKMolHJ-mvb7YYp2uIR2R_XrL7cPtkCIo", "created_at": "2021-01-25T08:16:14.841Z", "expires_at": "2021-02-04T08:16:14Z"}}, {"model": "token_blacklist.outstandingtoken", "pk": 218, "fields": {"user": 1, "jti": "eed6aa9d9199414b855d203c9920a5ae", "token": "eyJ0eXAiOiJKV1QiLCJhbGciOiJIUzI1NiJ9.eyJ0b2tlbl90eXBlIjoicmVmcmVzaCIsImV4cCI6MTYxMjQzMDI2MSwianRpIjoiZWVkNmFhOWQ5MTk5NDE0Yjg1NWQyMDNjOTkyMGE1YWUiLCJ1c2VyX2lkIjoxfQ.fShujtDLIk0EdxBg-u_Jocb-0SDJ7ij9HnCBkBmpcXY", "created_at": "2021-01-25T09:17:41.079Z", "expires_at": "2021-02-04T09:17:41Z"}}, {"model": "token_blacklist.outstandingtoken", "pk": 219, "fields": {"user": 1, "jti": "2babec0c7ea6439baa6475ac8dab198a", "token": "eyJ0eXAiOiJKV1QiLCJhbGciOiJIUzI1NiJ9.eyJ0b2tlbl90eXBlIjoicmVmcmVzaCIsImV4cCI6MTYxMjQzMDI2MSwianRpIjoiMmJhYmVjMGM3ZWE2NDM5YmFhNjQ3NWFjOGRhYjE5OGEiLCJ1c2VyX2lkIjoxfQ.m-ZLd3WMIKfPnxtfKOA-PnMiltoViyXblUbltcRfgbk", "created_at": "2021-01-25T09:17:41.213Z", "expires_at": "2021-02-04T09:17:41Z"}}, {"model": "token_blacklist.outstandingtoken", "pk": 220, "fields": {"user": 1, "jti": "0956faf989e748c49b96fcdfc8d5015b", "token": "eyJ0eXAiOiJKV1QiLCJhbGciOiJIUzI1NiJ9.eyJ0b2tlbl90eXBlIjoicmVmcmVzaCIsImV4cCI6MTYxMjQ0MzQ0MywianRpIjoiMDk1NmZhZjk4OWU3NDhjNDliOTZmY2RmYzhkNTAxNWIiLCJ1c2VyX2lkIjoxfQ.HvRR_6thzyqxmrGQAEaj4I8Js30yffawFTSE0mdwKoE", "created_at": "2021-01-25T12:57:23.401Z", "expires_at": "2021-02-04T12:57:23Z"}}, {"model": "token_blacklist.outstandingtoken", "pk": 221, "fields": {"user": 1, "jti": "24bb9879ab1c41c7ae0b609c17a59a83", "token": "eyJ0eXAiOiJKV1QiLCJhbGciOiJIUzI1NiJ9.eyJ0b2tlbl90eXBlIjoicmVmcmVzaCIsImV4cCI6MTYxMjQ0MzQ0MywianRpIjoiMjRiYjk4NzlhYjFjNDFjN2FlMGI2MDljMTdhNTlhODMiLCJ1c2VyX2lkIjoxfQ.8iOl097mj8w5IpvkRTb1CFtfCjyolCO-bRXhBf6ADr0", "created_at": "2021-01-25T12:57:23.632Z", "expires_at": "2021-02-04T12:57:23Z"}}, {"model": "token_blacklist.outstandingtoken", "pk": 222, "fields": {"user": 1, "jti": "e869bdf3cec64d8680441bf58920c0c4", "token": "eyJ0eXAiOiJKV1QiLCJhbGciOiJIUzI1NiJ9.eyJ0b2tlbl90eXBlIjoicmVmcmVzaCIsImV4cCI6MTYxMjQ0NDUxNSwianRpIjoiZTg2OWJkZjNjZWM2NGQ4NjgwNDQxYmY1ODkyMGMwYzQiLCJ1c2VyX2lkIjoxfQ.URGVtekqPXrohpfydH1jAFmu8h_GEuYYR8tMpW9HhVw", "created_at": "2021-01-25T13:15:15.771Z", "expires_at": "2021-02-04T13:15:15Z"}}, {"model": "token_blacklist.outstandingtoken", "pk": 223, "fields": {"user": 1, "jti": "40b222ba98b84472a51b8f302aaefb53", "token": "eyJ0eXAiOiJKV1QiLCJhbGciOiJIUzI1NiJ9.eyJ0b2tlbl90eXBlIjoicmVmcmVzaCIsImV4cCI6MTYxMjQ0NDUxNSwianRpIjoiNDBiMjIyYmE5OGI4NDQ3MmE1MWI4ZjMwMmFhZWZiNTMiLCJ1c2VyX2lkIjoxfQ.DFmGB_BRruLFz2j643nngBKPIB8981r7jsbNRdI3Jd0", "created_at": "2021-01-25T13:15:15.873Z", "expires_at": "2021-02-04T13:15:15Z"}}, {"model": "token_blacklist.outstandingtoken", "pk": 224, "fields": {"user": 1, "jti": "f06cc9745cb2414989982272b14796d5", "token": "eyJ0eXAiOiJKV1QiLCJhbGciOiJIUzI1NiJ9.eyJ0b2tlbl90eXBlIjoicmVmcmVzaCIsImV4cCI6MTYxMjQ4MjM2NCwianRpIjoiZjA2Y2M5NzQ1Y2IyNDE0OTg5OTgyMjcyYjE0Nzk2ZDUiLCJ1c2VyX2lkIjoxfQ.0C3X-3DDfBw2cv6ldEJRiajUZjt6aCSIP8gVIme1ZKI", "created_at": "2021-01-25T23:46:04.715Z", "expires_at": "2021-02-04T23:46:04Z"}}, {"model": "token_blacklist.outstandingtoken", "pk": 225, "fields": {"user": 1, "jti": "733572b0df754306b07013be0beb8a37", "token": "eyJ0eXAiOiJKV1QiLCJhbGciOiJIUzI1NiJ9.eyJ0b2tlbl90eXBlIjoicmVmcmVzaCIsImV4cCI6MTYxMjQ4MjM2NCwianRpIjoiNzMzNTcyYjBkZjc1NDMwNmIwNzAxM2JlMGJlYjhhMzciLCJ1c2VyX2lkIjoxfQ.LyXwwWacUOo4oEVUPsHnRcfGyKPwylYUQWgc3rLaFNI", "created_at": "2021-01-25T23:46:04.812Z", "expires_at": "2021-02-04T23:46:04Z"}}, {"model": "token_blacklist.outstandingtoken", "pk": 226, "fields": {"user": 1, "jti": "0eeb2e610d234563a809d35ee776eac7", "token": "eyJ0eXAiOiJKV1QiLCJhbGciOiJIUzI1NiJ9.eyJ0b2tlbl90eXBlIjoicmVmcmVzaCIsImV4cCI6MTYxMjQ4NzUxMiwianRpIjoiMGVlYjJlNjEwZDIzNDU2M2E4MDlkMzVlZTc3NmVhYzciLCJ1c2VyX2lkIjoxfQ.qwZU9WCd8Ba4pCAsdVfQ90VSJmsF6ao_-SOkbcOUG50", "created_at": "2021-01-26T01:11:52.407Z", "expires_at": "2021-02-05T01:11:52Z"}}, {"model": "token_blacklist.outstandingtoken", "pk": 227, "fields": {"user": 1, "jti": "a300ef982b2e462fadcb518d8daa8d47", "token": "eyJ0eXAiOiJKV1QiLCJhbGciOiJIUzI1NiJ9.eyJ0b2tlbl90eXBlIjoicmVmcmVzaCIsImV4cCI6MTYxMjQ4NzUxMiwianRpIjoiYTMwMGVmOTgyYjJlNDYyZmFkY2I1MThkOGRhYThkNDciLCJ1c2VyX2lkIjoxfQ.GMNx66MR5SRInW5wMvQr25yhfCDnGRKnNnr7EEW-JV4", "created_at": "2021-01-26T01:11:52.534Z", "expires_at": "2021-02-05T01:11:52Z"}}, {"model": "token_blacklist.outstandingtoken", "pk": 228, "fields": {"user": 1, "jti": "e3004cabcf364066a6ebfcca34920c7b", "token": "eyJ0eXAiOiJKV1QiLCJhbGciOiJIUzI1NiJ9.eyJ0b2tlbl90eXBlIjoicmVmcmVzaCIsImV4cCI6MTYxMjQ5NTM0NywianRpIjoiZTMwMDRjYWJjZjM2NDA2NmE2ZWJmY2NhMzQ5MjBjN2IiLCJ1c2VyX2lkIjoxfQ.ARk3O2WyPfGZNedIQNafW8WxiRIlsZrt_egAT6psKeA", "created_at": "2021-01-26T03:22:27.870Z", "expires_at": "2021-02-05T03:22:27Z"}}, {"model": "token_blacklist.outstandingtoken", "pk": 229, "fields": {"user": 1, "jti": "11efa480be464400a4d4a79b98c7d391", "token": "eyJ0eXAiOiJKV1QiLCJhbGciOiJIUzI1NiJ9.eyJ0b2tlbl90eXBlIjoicmVmcmVzaCIsImV4cCI6MTYxMjQ5NTM0NywianRpIjoiMTFlZmE0ODBiZTQ2NDQwMGE0ZDRhNzliOThjN2QzOTEiLCJ1c2VyX2lkIjoxfQ.T-dyQCTOiTtfhkWMEQjn46Mrw24MZSeXO06B1IYDm9E", "created_at": "2021-01-26T03:22:27.959Z", "expires_at": "2021-02-05T03:22:27Z"}}, {"model": "token_blacklist.outstandingtoken", "pk": 230, "fields": {"user": 1, "jti": "8fb5b0a1865b4cecbb7be7d281e565a3", "token": "eyJ0eXAiOiJKV1QiLCJhbGciOiJIUzI1NiJ9.eyJ0b2tlbl90eXBlIjoicmVmcmVzaCIsImV4cCI6MTYxMjQ5NjU1OSwianRpIjoiOGZiNWIwYTE4NjViNGNlY2JiN2JlN2QyODFlNTY1YTMiLCJ1c2VyX2lkIjoxfQ.hiciNhfG8YWwMMMm38_-apa3zhNhCWBJ2gFuK21Q2pI", "created_at": "2021-01-26T03:42:39.547Z", "expires_at": "2021-02-05T03:42:39Z"}}, {"model": "token_blacklist.outstandingtoken", "pk": 231, "fields": {"user": 1, "jti": "2572b77bf37647d294d81d55ea337ce0", "token": "eyJ0eXAiOiJKV1QiLCJhbGciOiJIUzI1NiJ9.eyJ0b2tlbl90eXBlIjoicmVmcmVzaCIsImV4cCI6MTYxMjQ5NjU1OSwianRpIjoiMjU3MmI3N2JmMzc2NDdkMjk0ZDgxZDU1ZWEzMzdjZTAiLCJ1c2VyX2lkIjoxfQ.-hxLZU1U8OCHJlO66IV5h_fm0a483thTsGJOwf2Z4Go", "created_at": "2021-01-26T03:42:39.626Z", "expires_at": "2021-02-05T03:42:39Z"}}, {"model": "token_blacklist.outstandingtoken", "pk": 232, "fields": {"user": 1, "jti": "eb8da79d2b9a4831949a0d7f8ebb292e", "token": "eyJ0eXAiOiJKV1QiLCJhbGciOiJIUzI1NiJ9.eyJ0b2tlbl90eXBlIjoicmVmcmVzaCIsImV4cCI6MTYxMjUwMjQzOCwianRpIjoiZWI4ZGE3OWQyYjlhNDgzMTk0OWEwZDdmOGViYjI5MmUiLCJ1c2VyX2lkIjoxfQ.vMEqOUY0TC8xWKZIq5OTd4KTjJyEdoiJUNuNwuttAHI", "created_at": "2021-01-26T05:20:38.647Z", "expires_at": "2021-02-05T05:20:38Z"}}, {"model": "token_blacklist.outstandingtoken", "pk": 233, "fields": {"user": 1, "jti": "eefab0ddb50b4be5852a4883f762c8b8", "token": "eyJ0eXAiOiJKV1QiLCJhbGciOiJIUzI1NiJ9.eyJ0b2tlbl90eXBlIjoicmVmcmVzaCIsImV4cCI6MTYxMjUwMjQzOCwianRpIjoiZWVmYWIwZGRiNTBiNGJlNTg1MmE0ODgzZjc2MmM4YjgiLCJ1c2VyX2lkIjoxfQ.sjbdbAsXRO20hruzs1CGAnrxBLlbshZ_qS1o_bX0C8w", "created_at": "2021-01-26T05:20:38.772Z", "expires_at": "2021-02-05T05:20:38Z"}}, {"model": "token_blacklist.outstandingtoken", "pk": 234, "fields": {"user": 1, "jti": "9a247c7f746c41c8abdffc617d7b756a", "token": "eyJ0eXAiOiJKV1QiLCJhbGciOiJIUzI1NiJ9.eyJ0b2tlbl90eXBlIjoicmVmcmVzaCIsImV4cCI6MTYxMjUwNDA1MywianRpIjoiOWEyNDdjN2Y3NDZjNDFjOGFiZGZmYzYxN2Q3Yjc1NmEiLCJ1c2VyX2lkIjoxfQ.pW0s3rJDrf949quozEUIDHHkHLe6-hnJD3WCq6RmB_U", "created_at": "2021-01-26T05:47:33.979Z", "expires_at": "2021-02-05T05:47:33Z"}}, {"model": "token_blacklist.outstandingtoken", "pk": 235, "fields": {"user": 1, "jti": "1e437723b865411691ec108e897126c7", "token": "eyJ0eXAiOiJKV1QiLCJhbGciOiJIUzI1NiJ9.eyJ0b2tlbl90eXBlIjoicmVmcmVzaCIsImV4cCI6MTYxMjUwNDA1NCwianRpIjoiMWU0Mzc3MjNiODY1NDExNjkxZWMxMDhlODk3MTI2YzciLCJ1c2VyX2lkIjoxfQ.CldYHCFFHYlgZpNUyYjR9MjjAzTTo0HpUKGBrFPh5Bk", "created_at": "2021-01-26T05:47:34.063Z", "expires_at": "2021-02-05T05:47:34Z"}}, {"model": "token_blacklist.outstandingtoken", "pk": 236, "fields": {"user": 1, "jti": "7338261d0ba8411b8cbf8ef3a6ab5cde", "token": "eyJ0eXAiOiJKV1QiLCJhbGciOiJIUzI1NiJ9.eyJ0b2tlbl90eXBlIjoicmVmcmVzaCIsImV4cCI6MTYxMjUwOTgyOSwianRpIjoiNzMzODI2MWQwYmE4NDExYjhjYmY4ZWYzYTZhYjVjZGUiLCJ1c2VyX2lkIjoxfQ.IeDEvIRaajTwA-Pjji21nQRef6pvNxNn7xpwx-FaFpk", "created_at": "2021-01-26T07:23:49.098Z", "expires_at": "2021-02-05T07:23:49Z"}}, {"model": "token_blacklist.outstandingtoken", "pk": 237, "fields": {"user": 1, "jti": "5ef3de5e389f42c185d4583e065b81d1", "token": "eyJ0eXAiOiJKV1QiLCJhbGciOiJIUzI1NiJ9.eyJ0b2tlbl90eXBlIjoicmVmcmVzaCIsImV4cCI6MTYxMjUwOTgyOSwianRpIjoiNWVmM2RlNWUzODlmNDJjMTg1ZDQ1ODNlMDY1YjgxZDEiLCJ1c2VyX2lkIjoxfQ.XELB0hn7GkUjAb6RBgm1DJaKmTCJ-VTYdDfNpqHsXzQ", "created_at": "2021-01-26T07:23:49.193Z", "expires_at": "2021-02-05T07:23:49Z"}}, {"model": "token_blacklist.outstandingtoken", "pk": 238, "fields": {"user": 1, "jti": "f9a75a41ffd04073969e46c373786de4", "token": "eyJ0eXAiOiJKV1QiLCJhbGciOiJIUzI1NiJ9.eyJ0b2tlbl90eXBlIjoicmVmcmVzaCIsImV4cCI6MTYxMjUxMTI2MywianRpIjoiZjlhNzVhNDFmZmQwNDA3Mzk2OWU0NmMzNzM3ODZkZTQiLCJ1c2VyX2lkIjoxfQ.znlvdFUHRvp1HSX31NUxksTsZu0vQ_0fb-x3EkfYCQ8", "created_at": "2021-01-26T07:47:43.014Z", "expires_at": "2021-02-05T07:47:43Z"}}, {"model": "token_blacklist.outstandingtoken", "pk": 239, "fields": {"user": 1, "jti": "e6af7db9b6ec4640ba5951f3daa4472f", "token": "eyJ0eXAiOiJKV1QiLCJhbGciOiJIUzI1NiJ9.eyJ0b2tlbl90eXBlIjoicmVmcmVzaCIsImV4cCI6MTYxMjUxMTI2MywianRpIjoiZTZhZjdkYjliNmVjNDY0MGJhNTk1MWYzZGFhNDQ3MmYiLCJ1c2VyX2lkIjoxfQ.76WIqP2nCEo5gPlqjzKZ-RSYlenBu8G7fRlIHDk7Xlw", "created_at": "2021-01-26T07:47:43.104Z", "expires_at": "2021-02-05T07:47:43Z"}}, {"model": "token_blacklist.outstandingtoken", "pk": 240, "fields": {"user": 1, "jti": "cf68d79e3c4647548fe09f1fc4181cf0", "token": "eyJ0eXAiOiJKV1QiLCJhbGciOiJIUzI1NiJ9.eyJ0b2tlbl90eXBlIjoicmVmcmVzaCIsImV4cCI6MTYxMjUxMTMxNCwianRpIjoiY2Y2OGQ3OWUzYzQ2NDc1NDhmZTA5ZjFmYzQxODFjZjAiLCJ1c2VyX2lkIjoxfQ.fOa7hOagPVY46zIeUPUC4_QbFf_lB96cbwDS7zLdMPE", "created_at": "2021-01-26T07:48:34.433Z", "expires_at": "2021-02-05T07:48:34Z"}}, {"model": "token_blacklist.outstandingtoken", "pk": 241, "fields": {"user": 1, "jti": "7d53230b7981411fac5adc4890bf55e2", "token": "eyJ0eXAiOiJKV1QiLCJhbGciOiJIUzI1NiJ9.eyJ0b2tlbl90eXBlIjoicmVmcmVzaCIsImV4cCI6MTYxMjUxMTMxNCwianRpIjoiN2Q1MzIzMGI3OTgxNDExZmFjNWFkYzQ4OTBiZjU1ZTIiLCJ1c2VyX2lkIjoxfQ.0ie9oUz2tiS3F3g-GV-MQmyxrO3BszaQdjdubu-YGWo", "created_at": "2021-01-26T07:48:34.566Z", "expires_at": "2021-02-05T07:48:34Z"}}, {"model": "token_blacklist.outstandingtoken", "pk": 242, "fields": {"user": 1, "jti": "d93a57158dcd41c78034e27cd07a62ef", "token": "eyJ0eXAiOiJKV1QiLCJhbGciOiJIUzI1NiJ9.eyJ0b2tlbl90eXBlIjoicmVmcmVzaCIsImV4cCI6MTYxMjUxNjMxNiwianRpIjoiZDkzYTU3MTU4ZGNkNDFjNzgwMzRlMjdjZDA3YTYyZWYiLCJ1c2VyX2lkIjoxfQ.6lPrz25NooqsKUXMJqmPQgghfodosM0WgXiTF3Nrak4", "created_at": "2021-01-26T09:11:56.907Z", "expires_at": "2021-02-05T09:11:56Z"}}, {"model": "token_blacklist.outstandingtoken", "pk": 243, "fields": {"user": 1, "jti": "414a71d0478748e09bdec48d43fd4414", "token": "eyJ0eXAiOiJKV1QiLCJhbGciOiJIUzI1NiJ9.eyJ0b2tlbl90eXBlIjoicmVmcmVzaCIsImV4cCI6MTYxMjUxNjMxNywianRpIjoiNDE0YTcxZDA0Nzg3NDhlMDliZGVjNDhkNDNmZDQ0MTQiLCJ1c2VyX2lkIjoxfQ.WeY4dXxX3e5NyABUTruRs8hjVYRt6mc8WrEk82VCS3E", "created_at": "2021-01-26T09:11:57.052Z", "expires_at": "2021-02-05T09:11:57Z"}}, {"model": "token_blacklist.outstandingtoken", "pk": 244, "fields": {"user": 1, "jti": "f9df5bc1a0a34e27a9ec108ba3d32826", "token": "eyJ0eXAiOiJKV1QiLCJhbGciOiJIUzI1NiJ9.eyJ0b2tlbl90eXBlIjoicmVmcmVzaCIsImV4cCI6MTYxMjUyMjgwMSwianRpIjoiZjlkZjViYzFhMGEzNGUyN2E5ZWMxMDhiYTNkMzI4MjYiLCJ1c2VyX2lkIjoxfQ.LfrN3VZQ48AI4YO5JWHriRaX9fARVbnBgQDoYAN9kYM", "created_at": "2021-01-26T11:00:01.691Z", "expires_at": "2021-02-05T11:00:01Z"}}, {"model": "token_blacklist.outstandingtoken", "pk": 245, "fields": {"user": 1, "jti": "5b52289b68e14cf6b3d219d701c0d5eb", "token": "eyJ0eXAiOiJKV1QiLCJhbGciOiJIUzI1NiJ9.eyJ0b2tlbl90eXBlIjoicmVmcmVzaCIsImV4cCI6MTYxMjUyMjgwMSwianRpIjoiNWI1MjI4OWI2OGUxNGNmNmIzZDIxOWQ3MDFjMGQ1ZWIiLCJ1c2VyX2lkIjoxfQ.dzdae7CJ0dXdPPjyNIZMrXU9tuTLf_SwRYMwYmaMJc8", "created_at": "2021-01-26T11:00:01.792Z", "expires_at": "2021-02-05T11:00:01Z"}}, {"model": "token_blacklist.outstandingtoken", "pk": 246, "fields": {"user": 1, "jti": "ac29ab7fd4d849cd81540987fffde52f", "token": "eyJ0eXAiOiJKV1QiLCJhbGciOiJIUzI1NiJ9.eyJ0b2tlbl90eXBlIjoicmVmcmVzaCIsImV4cCI6MTYxMjUyODAxMSwianRpIjoiYWMyOWFiN2ZkNGQ4NDljZDgxNTQwOTg3ZmZmZGU1MmYiLCJ1c2VyX2lkIjoxfQ.9uM73SGtUdNuSVqrdQQNLMSYKGXx3w--lYv7Xvl1erw", "created_at": "2021-01-26T12:26:51.612Z", "expires_at": "2021-02-05T12:26:51Z"}}, {"model": "token_blacklist.outstandingtoken", "pk": 247, "fields": {"user": 1, "jti": "2caf7a52d8d44e07a6448abce16cf12e", "token": "eyJ0eXAiOiJKV1QiLCJhbGciOiJIUzI1NiJ9.eyJ0b2tlbl90eXBlIjoicmVmcmVzaCIsImV4cCI6MTYxMjUyODAxMSwianRpIjoiMmNhZjdhNTJkOGQ0NGUwN2E2NDQ4YWJjZTE2Y2YxMmUiLCJ1c2VyX2lkIjoxfQ.GhyJYF3HluPyTTQPSlkY2P5DhI1r2VqW_rtgtxxKLS4", "created_at": "2021-01-26T12:26:51.725Z", "expires_at": "2021-02-05T12:26:51Z"}}, {"model": "token_blacklist.outstandingtoken", "pk": 248, "fields": {"user": 1, "jti": "8946b77b25fd4351b1526b3839bf35ae", "token": "eyJ0eXAiOiJKV1QiLCJhbGciOiJIUzI1NiJ9.eyJ0b2tlbl90eXBlIjoicmVmcmVzaCIsImV4cCI6MTYxMjUyOTQ0OCwianRpIjoiODk0NmI3N2IyNWZkNDM1MWIxNTI2YjM4MzliZjM1YWUiLCJ1c2VyX2lkIjoxfQ.ToALdRAy5wXK4R11nDkHJiaHOI1TVuX7LPek28QK2no", "created_at": "2021-01-26T12:50:48.658Z", "expires_at": "2021-02-05T12:50:48Z"}}, {"model": "token_blacklist.outstandingtoken", "pk": 249, "fields": {"user": 1, "jti": "972540be34584454b563e29579990bb9", "token": "eyJ0eXAiOiJKV1QiLCJhbGciOiJIUzI1NiJ9.eyJ0b2tlbl90eXBlIjoicmVmcmVzaCIsImV4cCI6MTYxMjUyOTQ0OCwianRpIjoiOTcyNTQwYmUzNDU4NDQ1NGI1NjNlMjk1Nzk5OTBiYjkiLCJ1c2VyX2lkIjoxfQ.MlaCzl1lWOFDKHBZgOZ4ZKIuZ1LtaShNkkeCkq4BWQM", "created_at": "2021-01-26T12:50:48.752Z", "expires_at": "2021-02-05T12:50:48Z"}}, {"model": "token_blacklist.outstandingtoken", "pk": 250, "fields": {"user": 1, "jti": "f0d7aed9ac19441ab0d213135a1e2d73", "token": "eyJ0eXAiOiJKV1QiLCJhbGciOiJIUzI1NiJ9.eyJ0b2tlbl90eXBlIjoicmVmcmVzaCIsImV4cCI6MTYxMjUzNzc0MSwianRpIjoiZjBkN2FlZDlhYzE5NDQxYWIwZDIxMzEzNWExZTJkNzMiLCJ1c2VyX2lkIjoxfQ.468gl4WVZEnhYKEdM69yb_OunM1esyZLlRXM2AVmwcw", "created_at": "2021-01-26T15:09:01.176Z", "expires_at": "2021-02-05T15:09:01Z"}}, {"model": "token_blacklist.outstandingtoken", "pk": 251, "fields": {"user": 1, "jti": "35cf5a4fe2c7483cb63aea4e98180501", "token": "eyJ0eXAiOiJKV1QiLCJhbGciOiJIUzI1NiJ9.eyJ0b2tlbl90eXBlIjoicmVmcmVzaCIsImV4cCI6MTYxMjUzNzc0MSwianRpIjoiMzVjZjVhNGZlMmM3NDgzY2I2M2FlYTRlOTgxODA1MDEiLCJ1c2VyX2lkIjoxfQ.iIOIAJRYU767CzviV4SlVqLg5ULMImBk443lVzr0AJE", "created_at": "2021-01-26T15:09:01.285Z", "expires_at": "2021-02-05T15:09:01Z"}}, {"model": "token_blacklist.outstandingtoken", "pk": 252, "fields": {"user": 1, "jti": "2a0df48ea4814800ae26ee87ba5ed20e", "token": "eyJ0eXAiOiJKV1QiLCJhbGciOiJIUzI1NiJ9.eyJ0b2tlbl90eXBlIjoicmVmcmVzaCIsImV4cCI6MTYxMjU3MDQwMCwianRpIjoiMmEwZGY0OGVhNDgxNDgwMGFlMjZlZTg3YmE1ZWQyMGUiLCJ1c2VyX2lkIjoxfQ.RRsIJFCcnJHjCAzRPCIrWJihJRZ2UUoj1Qt5bxhAcbo", "created_at": "2021-01-27T00:13:20.894Z", "expires_at": "2021-02-06T00:13:20Z"}}, {"model": "token_blacklist.outstandingtoken", "pk": 253, "fields": {"user": 1, "jti": "ac2cfd701d99401d96b19ca5fab87644", "token": "eyJ0eXAiOiJKV1QiLCJhbGciOiJIUzI1NiJ9.eyJ0b2tlbl90eXBlIjoicmVmcmVzaCIsImV4cCI6MTYxMjU3MDQwMSwianRpIjoiYWMyY2ZkNzAxZDk5NDAxZDk2YjE5Y2E1ZmFiODc2NDQiLCJ1c2VyX2lkIjoxfQ.5Qhl4unD0pqUEbs-4-Jcvehq7bDSiUPneCTryEGQT1A", "created_at": "2021-01-27T00:13:21.016Z", "expires_at": "2021-02-06T00:13:21Z"}}, {"model": "token_blacklist.outstandingtoken", "pk": 254, "fields": {"user": 1, "jti": "8b4c48b583bb4e39a0a46f8685969944", "token": "eyJ0eXAiOiJKV1QiLCJhbGciOiJIUzI1NiJ9.eyJ0b2tlbl90eXBlIjoicmVmcmVzaCIsImV4cCI6MTYxMjU3NDA3OCwianRpIjoiOGI0YzQ4YjU4M2JiNGUzOWEwYTQ2Zjg2ODU5Njk5NDQiLCJ1c2VyX2lkIjoxfQ.o7NqbnY81tv5ZYiC6wfzUv9OBbuKibFTb8m4ZSxHPHs", "created_at": "2021-01-27T01:14:38.216Z", "expires_at": "2021-02-06T01:14:38Z"}}, {"model": "token_blacklist.outstandingtoken", "pk": 255, "fields": {"user": 1, "jti": "421a2e639309423fbf821c5267355f21", "token": "eyJ0eXAiOiJKV1QiLCJhbGciOiJIUzI1NiJ9.eyJ0b2tlbl90eXBlIjoicmVmcmVzaCIsImV4cCI6MTYxMjU3NDA3OCwianRpIjoiNDIxYTJlNjM5MzA5NDIzZmJmODIxYzUyNjczNTVmMjEiLCJ1c2VyX2lkIjoxfQ.2vKRhFmeqxFjDx7DmVPy5ZK4nXT2k3BheK6I1hIH160", "created_at": "2021-01-27T01:14:38.355Z", "expires_at": "2021-02-06T01:14:38Z"}}, {"model": "token_blacklist.outstandingtoken", "pk": 256, "fields": {"user": 1, "jti": "f47590cbea334416b94496a70df5fd16", "token": "eyJ0eXAiOiJKV1QiLCJhbGciOiJIUzI1NiJ9.eyJ0b2tlbl90eXBlIjoicmVmcmVzaCIsImV4cCI6MTYxMjU3ODQyMCwianRpIjoiZjQ3NTkwY2JlYTMzNDQxNmI5NDQ5NmE3MGRmNWZkMTYiLCJ1c2VyX2lkIjoxfQ.jKCLSnKsPYHsY6KXs_TBOk2kUiYyady5zXaZPIJgBAI", "created_at": "2021-01-27T02:27:00.491Z", "expires_at": "2021-02-06T02:27:00Z"}}, {"model": "token_blacklist.outstandingtoken", "pk": 257, "fields": {"user": 1, "jti": "774e3015f6d442268af7489ae68244b0", "token": "eyJ0eXAiOiJKV1QiLCJhbGciOiJIUzI1NiJ9.eyJ0b2tlbl90eXBlIjoicmVmcmVzaCIsImV4cCI6MTYxMjU3ODQyMCwianRpIjoiNzc0ZTMwMTVmNmQ0NDIyNjhhZjc0ODlhZTY4MjQ0YjAiLCJ1c2VyX2lkIjoxfQ.p4-btsQfWGRYJVX_7yhQlKVWkwaNy5S8BjZf12nga_c", "created_at": "2021-01-27T02:27:00.619Z", "expires_at": "2021-02-06T02:27:00Z"}}, {"model": "token_blacklist.outstandingtoken", "pk": 258, "fields": {"user": 1, "jti": "5fae6864dfc14e59a2c29e032ea0864f", "token": "eyJ0eXAiOiJKV1QiLCJhbGciOiJIUzI1NiJ9.eyJ0b2tlbl90eXBlIjoicmVmcmVzaCIsImV4cCI6MTYxMjU4MjAzNiwianRpIjoiNWZhZTY4NjRkZmMxNGU1OWEyYzI5ZTAzMmVhMDg2NGYiLCJ1c2VyX2lkIjoxfQ.-BX3I85QfhdantwZBy97bY4AywxL_yEwHdz3i5FJWgU", "created_at": "2021-01-27T03:27:16.130Z", "expires_at": "2021-02-06T03:27:16Z"}}, {"model": "token_blacklist.outstandingtoken", "pk": 259, "fields": {"user": 1, "jti": "ffc2276b022b42af9e0b1a5101ecbf1a", "token": "eyJ0eXAiOiJKV1QiLCJhbGciOiJIUzI1NiJ9.eyJ0b2tlbl90eXBlIjoicmVmcmVzaCIsImV4cCI6MTYxMjU4MjAzNiwianRpIjoiZmZjMjI3NmIwMjJiNDJhZjllMGIxYTUxMDFlY2JmMWEiLCJ1c2VyX2lkIjoxfQ.MpK0jdcU7mTNAqtABDBRPpAL3folnBXkei9mL492cZI", "created_at": "2021-01-27T03:27:16.222Z", "expires_at": "2021-02-06T03:27:16Z"}}, {"model": "token_blacklist.outstandingtoken", "pk": 260, "fields": {"user": 1, "jti": "e70e4fd2ac254278a5db36fc31401a67", "token": "eyJ0eXAiOiJKV1QiLCJhbGciOiJIUzI1NiJ9.eyJ0b2tlbl90eXBlIjoicmVmcmVzaCIsImV4cCI6MTYxMjU5MTYzMCwianRpIjoiZTcwZTRmZDJhYzI1NDI3OGE1ZGIzNmZjMzE0MDFhNjciLCJ1c2VyX2lkIjoxfQ.463zTb6bLPlwNf8mkEfXMvYFU7RFwtw7IuBdUyKJasE", "created_at": "2021-01-27T06:07:10.250Z", "expires_at": "2021-02-06T06:07:10Z"}}, {"model": "token_blacklist.outstandingtoken", "pk": 261, "fields": {"user": 1, "jti": "088276c9beaf49bd8378551c5d442e27", "token": "eyJ0eXAiOiJKV1QiLCJhbGciOiJIUzI1NiJ9.eyJ0b2tlbl90eXBlIjoicmVmcmVzaCIsImV4cCI6MTYxMjU5MTYzMCwianRpIjoiMDg4Mjc2YzliZWFmNDliZDgzNzg1NTFjNWQ0NDJlMjciLCJ1c2VyX2lkIjoxfQ.vi_1JALDO5wNLySuc-uaHlCe_D5-JcuVPNcT8mFUOkA", "created_at": "2021-01-27T06:07:10.496Z", "expires_at": "2021-02-06T06:07:10Z"}}, {"model": "token_blacklist.outstandingtoken", "pk": 262, "fields": {"user": 1, "jti": "d63ba15aa298474aa9f7b731ce7d00df", "token": "eyJ0eXAiOiJKV1QiLCJhbGciOiJIUzI1NiJ9.eyJ0b2tlbl90eXBlIjoicmVmcmVzaCIsImV4cCI6MTYxMjYwMjM0MiwianRpIjoiZDYzYmExNWFhMjk4NDc0YWE5ZjdiNzMxY2U3ZDAwZGYiLCJ1c2VyX2lkIjoxfQ.W5YAcjyf80zwPb2MFI0pDD4YZu0XipXVn1WFP4S33z8", "created_at": "2021-01-27T09:05:42.626Z", "expires_at": "2021-02-06T09:05:42Z"}}, {"model": "token_blacklist.outstandingtoken", "pk": 263, "fields": {"user": 1, "jti": "bd08cd8321874b168542f8c0a4c1d9f3", "token": "eyJ0eXAiOiJKV1QiLCJhbGciOiJIUzI1NiJ9.eyJ0b2tlbl90eXBlIjoicmVmcmVzaCIsImV4cCI6MTYxMjYwMjM0MiwianRpIjoiYmQwOGNkODMyMTg3NGIxNjg1NDJmOGMwYTRjMWQ5ZjMiLCJ1c2VyX2lkIjoxfQ.LevwL2VA0kffH9HeBUVXYvEr03A6XhTjLhaZzb-3AYY", "created_at": "2021-01-27T09:05:42.731Z", "expires_at": "2021-02-06T09:05:42Z"}}, {"model": "token_blacklist.outstandingtoken", "pk": 264, "fields": {"user": 1, "jti": "d7806b8d0fdd4798a6ddbd9bf12cac67", "token": "eyJ0eXAiOiJKV1QiLCJhbGciOiJIUzI1NiJ9.eyJ0b2tlbl90eXBlIjoicmVmcmVzaCIsImV4cCI6MTYxMjYyMDczMCwianRpIjoiZDc4MDZiOGQwZmRkNDc5OGE2ZGRiZDliZjEyY2FjNjciLCJ1c2VyX2lkIjoxfQ.JYfTuiMo72jd-4EKe_oFucujbw5Q09zHqccT7rK3OvE", "created_at": "2021-01-27T14:12:10.694Z", "expires_at": "2021-02-06T14:12:10Z"}}, {"model": "token_blacklist.outstandingtoken", "pk": 265, "fields": {"user": 1, "jti": "5683a70a4a93421caf12c6852ce3cec8", "token": "eyJ0eXAiOiJKV1QiLCJhbGciOiJIUzI1NiJ9.eyJ0b2tlbl90eXBlIjoicmVmcmVzaCIsImV4cCI6MTYxMjYyMDczMCwianRpIjoiNTY4M2E3MGE0YTkzNDIxY2FmMTJjNjg1MmNlM2NlYzgiLCJ1c2VyX2lkIjoxfQ.HrwA-n99e32WUq8Da6T1Gedh3GlM715cxn60LgFwOtY", "created_at": "2021-01-27T14:12:10.839Z", "expires_at": "2021-02-06T14:12:10Z"}}, {"model": "token_blacklist.outstandingtoken", "pk": 266, "fields": {"user": 1, "jti": "e01ba1328752480f8d5578aa842176fa", "token": "eyJ0eXAiOiJKV1QiLCJhbGciOiJIUzI1NiJ9.eyJ0b2tlbl90eXBlIjoicmVmcmVzaCIsImV4cCI6MTYxMjYyMjAxNiwianRpIjoiZTAxYmExMzI4NzUyNDgwZjhkNTU3OGFhODQyMTc2ZmEiLCJ1c2VyX2lkIjoxfQ.y5VKI5FFEAQZXepGH0UutHKnf--WnW5cPg3PwUrR6lY", "created_at": "2021-01-27T14:33:36.900Z", "expires_at": "2021-02-06T14:33:36Z"}}, {"model": "token_blacklist.outstandingtoken", "pk": 267, "fields": {"user": 1, "jti": "66aecf072f90412e9e45d4d167fbf335", "token": "eyJ0eXAiOiJKV1QiLCJhbGciOiJIUzI1NiJ9.eyJ0b2tlbl90eXBlIjoicmVmcmVzaCIsImV4cCI6MTYxMjYyMjAxNywianRpIjoiNjZhZWNmMDcyZjkwNDEyZTllNDVkNGQxNjdmYmYzMzUiLCJ1c2VyX2lkIjoxfQ.jWdimWT6IKp9sJ7ve_HyXqL4zG2sFtHFY6_KgjSjApg", "created_at": "2021-01-27T14:33:37.092Z", "expires_at": "2021-02-06T14:33:37Z"}}, {"model": "token_blacklist.outstandingtoken", "pk": 268, "fields": {"user": 1, "jti": "0f2b444ec38441f2b79659a387e59474", "token": "eyJ0eXAiOiJKV1QiLCJhbGciOiJIUzI1NiJ9.eyJ0b2tlbl90eXBlIjoicmVmcmVzaCIsImV4cCI6MTYxMjY1NTkxOSwianRpIjoiMGYyYjQ0NGVjMzg0NDFmMmI3OTY1OWEzODdlNTk0NzQiLCJ1c2VyX2lkIjoxfQ.0cn65keaowuBFdeXTN7RWpqo0cHLi53wX3oral_24lU", "created_at": "2021-01-27T23:58:39.338Z", "expires_at": "2021-02-06T23:58:39Z"}}, {"model": "token_blacklist.outstandingtoken", "pk": 269, "fields": {"user": 1, "jti": "63a4c1a534e046f186ef4f8d6a542fa8", "token": "eyJ0eXAiOiJKV1QiLCJhbGciOiJIUzI1NiJ9.eyJ0b2tlbl90eXBlIjoicmVmcmVzaCIsImV4cCI6MTYxMjY1NTkxOSwianRpIjoiNjNhNGMxYTUzNGUwNDZmMTg2ZWY0ZjhkNmE1NDJmYTgiLCJ1c2VyX2lkIjoxfQ.j5d6ME_tyDCNEzap7LOApdKjWZiSkmRiYJLlz181Pa0", "created_at": "2021-01-27T23:58:39.482Z", "expires_at": "2021-02-06T23:58:39Z"}}, {"model": "token_blacklist.outstandingtoken", "pk": 270, "fields": {"user": 1, "jti": "bafd316c0927481fabe2f8f603810ab0", "token": "eyJ0eXAiOiJKV1QiLCJhbGciOiJIUzI1NiJ9.eyJ0b2tlbl90eXBlIjoicmVmcmVzaCIsImV4cCI6MTYxMjY2NTI5MiwianRpIjoiYmFmZDMxNmMwOTI3NDgxZmFiZTJmOGY2MDM4MTBhYjAiLCJ1c2VyX2lkIjoxfQ.wfK_jSSmds_cFuPRLSC8kCanG0aJzKM9_smHCJSnwTo", "created_at": "2021-01-28T02:34:52.350Z", "expires_at": "2021-02-07T02:34:52Z"}}, {"model": "token_blacklist.outstandingtoken", "pk": 271, "fields": {"user": 1, "jti": "5f3fe204925a4940b5296d10d87caef5", "token": "eyJ0eXAiOiJKV1QiLCJhbGciOiJIUzI1NiJ9.eyJ0b2tlbl90eXBlIjoicmVmcmVzaCIsImV4cCI6MTYxMjY2NTI5MiwianRpIjoiNWYzZmUyMDQ5MjVhNDk0MGI1Mjk2ZDEwZDg3Y2FlZjUiLCJ1c2VyX2lkIjoxfQ.5f3Z_vRYVZoA3yYLWtzrSxf8ww4vX4XRXV2v44nb874", "created_at": "2021-01-28T02:34:52.484Z", "expires_at": "2021-02-07T02:34:52Z"}}, {"model": "token_blacklist.outstandingtoken", "pk": 272, "fields": {"user": 1, "jti": "3ee767a2c9ea4e0b8323eee126a855ab", "token": "eyJ0eXAiOiJKV1QiLCJhbGciOiJIUzI1NiJ9.eyJ0b2tlbl90eXBlIjoicmVmcmVzaCIsImV4cCI6MTYxMjY3MDg4NCwianRpIjoiM2VlNzY3YTJjOWVhNGUwYjgzMjNlZWUxMjZhODU1YWIiLCJ1c2VyX2lkIjoxfQ.2A_V_NKAild28XvqonRL8bRQnS4j4K1CZm-h2AfAp3I", "created_at": "2021-01-28T04:08:04.306Z", "expires_at": "2021-02-07T04:08:04Z"}}, {"model": "token_blacklist.outstandingtoken", "pk": 273, "fields": {"user": 1, "jti": "431096a17f344a4d871ab19b74c25df2", "token": "eyJ0eXAiOiJKV1QiLCJhbGciOiJIUzI1NiJ9.eyJ0b2tlbl90eXBlIjoicmVmcmVzaCIsImV4cCI6MTYxMjY3MDg4NCwianRpIjoiNDMxMDk2YTE3ZjM0NGE0ZDg3MWFiMTliNzRjMjVkZjIiLCJ1c2VyX2lkIjoxfQ.Ac8UDJLXsNhYHZCPL20r3rehGbMVP7hiFjRu_ceaxeg", "created_at": "2021-01-28T04:08:04.402Z", "expires_at": "2021-02-07T04:08:04Z"}}, {"model": "token_blacklist.outstandingtoken", "pk": 274, "fields": {"user": 1, "jti": "0dae370d6c4e42acaa02075da76fe71b", "token": "eyJ0eXAiOiJKV1QiLCJhbGciOiJIUzI1NiJ9.eyJ0b2tlbl90eXBlIjoicmVmcmVzaCIsImV4cCI6MTYxMjY3MjMwMSwianRpIjoiMGRhZTM3MGQ2YzRlNDJhY2FhMDIwNzVkYTc2ZmU3MWIiLCJ1c2VyX2lkIjoxfQ.JHdQBqKS1tBDpM-VQSjN95KW26h3F1_ruCZ9P8eTYpU", "created_at": "2021-01-28T04:31:41.815Z", "expires_at": "2021-02-07T04:31:41Z"}}, {"model": "token_blacklist.outstandingtoken", "pk": 275, "fields": {"user": 1, "jti": "e092da5b067a4dc1a578a739e08034cf", "token": "eyJ0eXAiOiJKV1QiLCJhbGciOiJIUzI1NiJ9.eyJ0b2tlbl90eXBlIjoicmVmcmVzaCIsImV4cCI6MTYxMjY3MjMwMSwianRpIjoiZTA5MmRhNWIwNjdhNGRjMWE1NzhhNzM5ZTA4MDM0Y2YiLCJ1c2VyX2lkIjoxfQ.tKXC7nwE4X3Ose2w0bZnyr2AD5g9UmodsU3EXI_EPj4", "created_at": "2021-01-28T04:31:41.940Z", "expires_at": "2021-02-07T04:31:41Z"}}, {"model": "token_blacklist.outstandingtoken", "pk": 276, "fields": {"user": 1, "jti": "3c5e339277134da09ea573c92a60fb04", "token": "eyJ0eXAiOiJKV1QiLCJhbGciOiJIUzI1NiJ9.eyJ0b2tlbl90eXBlIjoicmVmcmVzaCIsImV4cCI6MTYxMjY3MzQxNSwianRpIjoiM2M1ZTMzOTI3NzEzNGRhMDllYTU3M2M5MmE2MGZiMDQiLCJ1c2VyX2lkIjoxfQ.tEaW5wG2PXA-DlxF-oLqjEVnUW6nR37Mtp5mkfIi8kY", "created_at": "2021-01-28T04:50:15.976Z", "expires_at": "2021-02-07T04:50:15Z"}}, {"model": "token_blacklist.outstandingtoken", "pk": 277, "fields": {"user": 1, "jti": "8408f6cf95a04075b3ecddfb5c7d3888", "token": "eyJ0eXAiOiJKV1QiLCJhbGciOiJIUzI1NiJ9.eyJ0b2tlbl90eXBlIjoicmVmcmVzaCIsImV4cCI6MTYxMjY3MzQxNiwianRpIjoiODQwOGY2Y2Y5NWEwNDA3NWIzZWNkZGZiNWM3ZDM4ODgiLCJ1c2VyX2lkIjoxfQ.GeGNx4AcCB7e5ydOZMwOEyFOR9riMZu3K70Nad9f7Xk", "created_at": "2021-01-28T04:50:16.080Z", "expires_at": "2021-02-07T04:50:16Z"}}, {"model": "token_blacklist.outstandingtoken", "pk": 278, "fields": {"user": 1, "jti": "f62fc67dbeac45ea88c347ec4992213b", "token": "eyJ0eXAiOiJKV1QiLCJhbGciOiJIUzI1NiJ9.eyJ0b2tlbl90eXBlIjoicmVmcmVzaCIsImV4cCI6MTYxMjY3NjkxMywianRpIjoiZjYyZmM2N2RiZWFjNDVlYTg4YzM0N2VjNDk5MjIxM2IiLCJ1c2VyX2lkIjoxfQ.y4MNbByz0qextkjNZyl2glMa0lKD8LwirA1xn21z6L8", "created_at": "2021-01-28T05:48:33.293Z", "expires_at": "2021-02-07T05:48:33Z"}}, {"model": "token_blacklist.outstandingtoken", "pk": 279, "fields": {"user": 1, "jti": "5d06a121530b497f93690a4325b37d79", "token": "eyJ0eXAiOiJKV1QiLCJhbGciOiJIUzI1NiJ9.eyJ0b2tlbl90eXBlIjoicmVmcmVzaCIsImV4cCI6MTYxMjY3NjkxMywianRpIjoiNWQwNmExMjE1MzBiNDk3ZjkzNjkwYTQzMjViMzdkNzkiLCJ1c2VyX2lkIjoxfQ.USjDfWexXLWR8zJyudh55Ka7mZO1e6uv6nMVLU5faGw", "created_at": "2021-01-28T05:48:33.408Z", "expires_at": "2021-02-07T05:48:33Z"}}, {"model": "token_blacklist.outstandingtoken", "pk": 280, "fields": {"user": 1, "jti": "61cb659252b749b49eae8a7f4a4ab8d9", "token": "eyJ0eXAiOiJKV1QiLCJhbGciOiJIUzI1NiJ9.eyJ0b2tlbl90eXBlIjoicmVmcmVzaCIsImV4cCI6MTYxMjY4MzgxNywianRpIjoiNjFjYjY1OTI1MmI3NDliNDllYWU4YTdmNGE0YWI4ZDkiLCJ1c2VyX2lkIjoxfQ.QbhFt9CwP20SvOodf_pRXQ2AUfuzYRQ7wU1qeVT0E6M", "created_at": "2021-01-28T07:43:37.629Z", "expires_at": "2021-02-07T07:43:37Z"}}, {"model": "token_blacklist.outstandingtoken", "pk": 281, "fields": {"user": 1, "jti": "859a0e94a393417e9fdebe53be81a942", "token": "eyJ0eXAiOiJKV1QiLCJhbGciOiJIUzI1NiJ9.eyJ0b2tlbl90eXBlIjoicmVmcmVzaCIsImV4cCI6MTYxMjY4MzgxNywianRpIjoiODU5YTBlOTRhMzkzNDE3ZTlmZGViZTUzYmU4MWE5NDIiLCJ1c2VyX2lkIjoxfQ.1-ZOb21VowBidDh2y-9r5jY_Unf31717H5vkKa7Qs8Q", "created_at": "2021-01-28T07:43:37.747Z", "expires_at": "2021-02-07T07:43:37Z"}}, {"model": "token_blacklist.outstandingtoken", "pk": 282, "fields": {"user": 1, "jti": "63eeb3d3a2654009a494bef431882560", "token": "eyJ0eXAiOiJKV1QiLCJhbGciOiJIUzI1NiJ9.eyJ0b2tlbl90eXBlIjoicmVmcmVzaCIsImV4cCI6MTYxMjY5MjMwMCwianRpIjoiNjNlZWIzZDNhMjY1NDAwOWE0OTRiZWY0MzE4ODI1NjAiLCJ1c2VyX2lkIjoxfQ.sYp5ttF0XMVoHpk6dWkxCLl4dnpGtIE1Mi1pN87LKiI", "created_at": "2021-01-28T10:05:00.085Z", "expires_at": "2021-02-07T10:05:00Z"}}, {"model": "token_blacklist.outstandingtoken", "pk": 283, "fields": {"user": 1, "jti": "45154f1b7e71412cbe89051bee6418fb", "token": "eyJ0eXAiOiJKV1QiLCJhbGciOiJIUzI1NiJ9.eyJ0b2tlbl90eXBlIjoicmVmcmVzaCIsImV4cCI6MTYxMjY5MjMwMCwianRpIjoiNDUxNTRmMWI3ZTcxNDEyY2JlODkwNTFiZWU2NDE4ZmIiLCJ1c2VyX2lkIjoxfQ.ucbyYuD4oan9eLCfdkdcdEUh-A7D9oB_qQ1htegj4so", "created_at": "2021-01-28T10:05:00.211Z", "expires_at": "2021-02-07T10:05:00Z"}}, {"model": "token_blacklist.outstandingtoken", "pk": 284, "fields": {"user": 1, "jti": "e2a49a61639f42ce97de3eb1d615d0ae", "token": "eyJ0eXAiOiJKV1QiLCJhbGciOiJIUzI1NiJ9.eyJ0b2tlbl90eXBlIjoicmVmcmVzaCIsImV4cCI6MTYxMjY5OTc0MSwianRpIjoiZTJhNDlhNjE2MzlmNDJjZTk3ZGUzZWIxZDYxNWQwYWUiLCJ1c2VyX2lkIjoxfQ.tSSRJTzMCRC8QBv_l43EbivI3cMNPygQ0gun5cwMg6E", "created_at": "2021-01-28T12:09:01.912Z", "expires_at": "2021-02-07T12:09:01Z"}}, {"model": "token_blacklist.outstandingtoken", "pk": 285, "fields": {"user": 1, "jti": "882dc3d02cce4994b9eb1595d7e53161", "token": "eyJ0eXAiOiJKV1QiLCJhbGciOiJIUzI1NiJ9.eyJ0b2tlbl90eXBlIjoicmVmcmVzaCIsImV4cCI6MTYxMjY5OTc0MiwianRpIjoiODgyZGMzZDAyY2NlNDk5NGI5ZWIxNTk1ZDdlNTMxNjEiLCJ1c2VyX2lkIjoxfQ.nQCEwFdkugbTLjGMPY8w5LRz_D5XrOodgaWZQLhRKyg", "created_at": "2021-01-28T12:09:02.018Z", "expires_at": "2021-02-07T12:09:02Z"}}, {"model": "token_blacklist.outstandingtoken", "pk": 286, "fields": {"user": 1, "jti": "110b620ce46d4cbf8a0e4d869879efd0", "token": "eyJ0eXAiOiJKV1QiLCJhbGciOiJIUzI1NiJ9.eyJ0b2tlbl90eXBlIjoicmVmcmVzaCIsImV4cCI6MTYxMjc0MTAzOSwianRpIjoiMTEwYjYyMGNlNDZkNGNiZjhhMGU0ZDg2OTg3OWVmZDAiLCJ1c2VyX2lkIjoxfQ.vQ7Aa5KHKY0eSxbxYeIcchvZEevNUp9ZU87cstFSY3I", "created_at": "2021-01-28T23:37:19.277Z", "expires_at": "2021-02-07T23:37:19Z"}}, {"model": "token_blacklist.outstandingtoken", "pk": 287, "fields": {"user": 1, "jti": "b33694ffc14c42c4890cddd56eeb390b", "token": "eyJ0eXAiOiJKV1QiLCJhbGciOiJIUzI1NiJ9.eyJ0b2tlbl90eXBlIjoicmVmcmVzaCIsImV4cCI6MTYxMjc0MTAzOSwianRpIjoiYjMzNjk0ZmZjMTRjNDJjNDg5MGNkZGQ1NmVlYjM5MGIiLCJ1c2VyX2lkIjoxfQ._KfILeRMo7EK8kmhaGHizwyDqLw9GEuMQB6PiIMoJdM", "created_at": "2021-01-28T23:37:19.361Z", "expires_at": "2021-02-07T23:37:19Z"}}, {"model": "token_blacklist.outstandingtoken", "pk": 288, "fields": {"user": 1, "jti": "e5de97c1b3474aa483040e6d185fc260", "token": "eyJ0eXAiOiJKV1QiLCJhbGciOiJIUzI1NiJ9.eyJ0b2tlbl90eXBlIjoicmVmcmVzaCIsImV4cCI6MTYxMjc0MjQ5NiwianRpIjoiZTVkZTk3YzFiMzQ3NGFhNDgzMDQwZTZkMTg1ZmMyNjAiLCJ1c2VyX2lkIjoxfQ.Gk7hB3tiHaQ1KAlgrBrspSeOy_oUVih82ZfMfuK0TgE", "created_at": "2021-01-29T00:01:36.396Z", "expires_at": "2021-02-08T00:01:36Z"}}, {"model": "token_blacklist.outstandingtoken", "pk": 289, "fields": {"user": 1, "jti": "411db71933584ae2b99e4ede2e93ec43", "token": "eyJ0eXAiOiJKV1QiLCJhbGciOiJIUzI1NiJ9.eyJ0b2tlbl90eXBlIjoicmVmcmVzaCIsImV4cCI6MTYxMjc0MjQ5NiwianRpIjoiNDExZGI3MTkzMzU4NGFlMmI5OWU0ZWRlMmU5M2VjNDMiLCJ1c2VyX2lkIjoxfQ.lC_IfvtRHuVXucxGp7By_FKf1AgZWX1rt5Hc8J5PF_U", "created_at": "2021-01-29T00:01:36.487Z", "expires_at": "2021-02-08T00:01:36Z"}}, {"model": "token_blacklist.outstandingtoken", "pk": 290, "fields": {"user": 1, "jti": "273fec01b1544445aa611446511905b4", "token": "eyJ0eXAiOiJKV1QiLCJhbGciOiJIUzI1NiJ9.eyJ0b2tlbl90eXBlIjoicmVmcmVzaCIsImV4cCI6MTYxMjc0NDEyMiwianRpIjoiMjczZmVjMDFiMTU0NDQ0NWFhNjExNDQ2NTExOTA1YjQiLCJ1c2VyX2lkIjoxfQ.KwiQ8nlTY6e3KSMAP2E3X0ObpougP_d5bCKYtNna3P4", "created_at": "2021-01-29T00:28:42.631Z", "expires_at": "2021-02-08T00:28:42Z"}}, {"model": "token_blacklist.outstandingtoken", "pk": 291, "fields": {"user": 1, "jti": "2409feee084944388a760429c4cad319", "token": "eyJ0eXAiOiJKV1QiLCJhbGciOiJIUzI1NiJ9.eyJ0b2tlbl90eXBlIjoicmVmcmVzaCIsImV4cCI6MTYxMjc0NDEyMiwianRpIjoiMjQwOWZlZWUwODQ5NDQzODhhNzYwNDI5YzRjYWQzMTkiLCJ1c2VyX2lkIjoxfQ.yAgigsGAbSFr3msHJAK4w9Z-ZuOJpXPyfO1X4T7cGH8", "created_at": "2021-01-29T00:28:42.722Z", "expires_at": "2021-02-08T00:28:42Z"}}, {"model": "token_blacklist.outstandingtoken", "pk": 292, "fields": {"user": 1, "jti": "76ec2bcfdb21471b964b8538cdd5909c", "token": "eyJ0eXAiOiJKV1QiLCJhbGciOiJIUzI1NiJ9.eyJ0b2tlbl90eXBlIjoicmVmcmVzaCIsImV4cCI6MTYxMjc0ODA0MiwianRpIjoiNzZlYzJiY2ZkYjIxNDcxYjk2NGI4NTM4Y2RkNTkwOWMiLCJ1c2VyX2lkIjoxfQ.86tdblcOIEJzhif6wSaRmQOmsg2jglSKb0Mm_ihMsTM", "created_at": "2021-01-29T01:34:02.167Z", "expires_at": "2021-02-08T01:34:02Z"}}, {"model": "token_blacklist.outstandingtoken", "pk": 293, "fields": {"user": 1, "jti": "ac87555501aa48708f504e8d61cddfc1", "token": "eyJ0eXAiOiJKV1QiLCJhbGciOiJIUzI1NiJ9.eyJ0b2tlbl90eXBlIjoicmVmcmVzaCIsImV4cCI6MTYxMjc0ODA0MiwianRpIjoiYWM4NzU1NTUwMWFhNDg3MDhmNTA0ZThkNjFjZGRmYzEiLCJ1c2VyX2lkIjoxfQ.ANYCKZ8EbTfnxB46v2sgpomN9K_q5cEb3RNI1ozcam4", "created_at": "2021-01-29T01:34:02.300Z", "expires_at": "2021-02-08T01:34:02Z"}}, {"model": "token_blacklist.outstandingtoken", "pk": 294, "fields": {"user": 1, "jti": "2fc8b1fe033b4f71a67b00975f16ff6a", "token": "eyJ0eXAiOiJKV1QiLCJhbGciOiJIUzI1NiJ9.eyJ0b2tlbl90eXBlIjoicmVmcmVzaCIsImV4cCI6MTYxMjc1MDUwNywianRpIjoiMmZjOGIxZmUwMzNiNGY3MWE2N2IwMDk3NWYxNmZmNmEiLCJ1c2VyX2lkIjoxfQ.Xo1DjbPm2OGf257-0qJPmpr3BDxHCBVIaC0E5nc-MXI", "created_at": "2021-01-29T02:15:07.768Z", "expires_at": "2021-02-08T02:15:07Z"}}, {"model": "token_blacklist.outstandingtoken", "pk": 295, "fields": {"user": 1, "jti": "0be7376c58fb459a9caa8b5104adbc61", "token": "eyJ0eXAiOiJKV1QiLCJhbGciOiJIUzI1NiJ9.eyJ0b2tlbl90eXBlIjoicmVmcmVzaCIsImV4cCI6MTYxMjc1MDUwNywianRpIjoiMGJlNzM3NmM1OGZiNDU5YTljYWE4YjUxMDRhZGJjNjEiLCJ1c2VyX2lkIjoxfQ.xVDYW3RJ4J-LRpCqjxPjiqDpal8DTdQOx5v0pXReZ58", "created_at": "2021-01-29T02:15:07.849Z", "expires_at": "2021-02-08T02:15:07Z"}}, {"model": "token_blacklist.outstandingtoken", "pk": 296, "fields": {"user": 1, "jti": "1e5e346ed30f4998a4f3b39d9f29e818", "token": "eyJ0eXAiOiJKV1QiLCJhbGciOiJIUzI1NiJ9.eyJ0b2tlbl90eXBlIjoicmVmcmVzaCIsImV4cCI6MTYxMjc2NTc2NiwianRpIjoiMWU1ZTM0NmVkMzBmNDk5OGE0ZjNiMzlkOWYyOWU4MTgiLCJ1c2VyX2lkIjoxfQ.LGmEIiyQRT-TlVBnIgCIM-41mr9dksz-5FncrtLsmLk", "created_at": "2021-01-29T06:29:26.943Z", "expires_at": "2021-02-08T06:29:26Z"}}, {"model": "token_blacklist.outstandingtoken", "pk": 297, "fields": {"user": 1, "jti": "fa68387134f7445f9443b575dd394661", "token": "eyJ0eXAiOiJKV1QiLCJhbGciOiJIUzI1NiJ9.eyJ0b2tlbl90eXBlIjoicmVmcmVzaCIsImV4cCI6MTYxMjc2NTc2NywianRpIjoiZmE2ODM4NzEzNGY3NDQ1Zjk0NDNiNTc1ZGQzOTQ2NjEiLCJ1c2VyX2lkIjoxfQ.4p6BRQbW2wBhOzvVGOcI1wfSUjMoRWpGSG4Mz96mt08", "created_at": "2021-01-29T06:29:27.033Z", "expires_at": "2021-02-08T06:29:27Z"}}, {"model": "token_blacklist.outstandingtoken", "pk": 298, "fields": {"user": 1, "jti": "72d047a78c6442fcb3d17c0e499298a4", "token": "eyJ0eXAiOiJKV1QiLCJhbGciOiJIUzI1NiJ9.eyJ0b2tlbl90eXBlIjoicmVmcmVzaCIsImV4cCI6MTYxMjc2NzMyNywianRpIjoiNzJkMDQ3YTc4YzY0NDJmY2IzZDE3YzBlNDk5Mjk4YTQiLCJ1c2VyX2lkIjoxfQ.hRIqOPFFryQnqyPb7PgyD8Uxs9yPHDJb308SUI5fW3s", "created_at": "2021-01-29T06:55:27.184Z", "expires_at": "2021-02-08T06:55:27Z"}}, {"model": "token_blacklist.outstandingtoken", "pk": 299, "fields": {"user": 1, "jti": "c977146bfc4b4d7f922c95a30cb3dea2", "token": "eyJ0eXAiOiJKV1QiLCJhbGciOiJIUzI1NiJ9.eyJ0b2tlbl90eXBlIjoicmVmcmVzaCIsImV4cCI6MTYxMjc2NzMyNywianRpIjoiYzk3NzE0NmJmYzRiNGQ3ZjkyMmM5NWEzMGNiM2RlYTIiLCJ1c2VyX2lkIjoxfQ.5IHhzUBT_vJsj2zeHjLVs7iQY9qlNSn9AhHFzm2bHQg", "created_at": "2021-01-29T06:55:27.266Z", "expires_at": "2021-02-08T06:55:27Z"}}, {"model": "token_blacklist.outstandingtoken", "pk": 300, "fields": {"user": 1, "jti": "5d0c3e7add23499f86252a4ba4bcf227", "token": "eyJ0eXAiOiJKV1QiLCJhbGciOiJIUzI1NiJ9.eyJ0b2tlbl90eXBlIjoicmVmcmVzaCIsImV4cCI6MTYxMjc2OTM5MSwianRpIjoiNWQwYzNlN2FkZDIzNDk5Zjg2MjUyYTRiYTRiY2YyMjciLCJ1c2VyX2lkIjoxfQ.q5mBglbBZ9coh1somweJ9zqsFFJ7CyifZ2W8oZmMAug", "created_at": "2021-01-29T07:29:51.635Z", "expires_at": "2021-02-08T07:29:51Z"}}, {"model": "token_blacklist.outstandingtoken", "pk": 301, "fields": {"user": 1, "jti": "1aaa9d112ccc4865b5aa77929d36245f", "token": "eyJ0eXAiOiJKV1QiLCJhbGciOiJIUzI1NiJ9.eyJ0b2tlbl90eXBlIjoicmVmcmVzaCIsImV4cCI6MTYxMjc2OTM5MSwianRpIjoiMWFhYTlkMTEyY2NjNDg2NWI1YWE3NzkyOWQzNjI0NWYiLCJ1c2VyX2lkIjoxfQ.rVmTy8mxE2vuN34yClUgOvpT9YjlHXe39NQKoAhsskQ", "created_at": "2021-01-29T07:29:51.714Z", "expires_at": "2021-02-08T07:29:51Z"}}, {"model": "token_blacklist.outstandingtoken", "pk": 302, "fields": {"user": 1, "jti": "92b5de49ff334548ad5745ef05371da9", "token": "eyJ0eXAiOiJKV1QiLCJhbGciOiJIUzI1NiJ9.eyJ0b2tlbl90eXBlIjoicmVmcmVzaCIsImV4cCI6MTYxMjc2OTU2OCwianRpIjoiOTJiNWRlNDlmZjMzNDU0OGFkNTc0NWVmMDUzNzFkYTkiLCJ1c2VyX2lkIjoxfQ.2QuyjeNNkBkcl-XN15dgFDHnqcZ6uqrxfGyrZ1dtpSg", "created_at": "2021-01-29T07:32:48.627Z", "expires_at": "2021-02-08T07:32:48Z"}}, {"model": "token_blacklist.outstandingtoken", "pk": 303, "fields": {"user": 1, "jti": "4be6db2c6c9e44648abbdb7caacbbfd1", "token": "eyJ0eXAiOiJKV1QiLCJhbGciOiJIUzI1NiJ9.eyJ0b2tlbl90eXBlIjoicmVmcmVzaCIsImV4cCI6MTYxMjc2OTU2OCwianRpIjoiNGJlNmRiMmM2YzllNDQ2NDhhYmJkYjdjYWFjYmJmZDEiLCJ1c2VyX2lkIjoxfQ.qzFmzB2CSq0mPIT-8LdBdwndbTZb7pY1_SQSOVR9QaU", "created_at": "2021-01-29T07:32:48.768Z", "expires_at": "2021-02-08T07:32:48Z"}}, {"model": "token_blacklist.outstandingtoken", "pk": 304, "fields": {"user": 1, "jti": "e2766fcf104d4408a141be8a224ca124", "token": "eyJ0eXAiOiJKV1QiLCJhbGciOiJIUzI1NiJ9.eyJ0b2tlbl90eXBlIjoicmVmcmVzaCIsImV4cCI6MTYxMjc3Mjg0MiwianRpIjoiZTI3NjZmY2YxMDRkNDQwOGExNDFiZThhMjI0Y2ExMjQiLCJ1c2VyX2lkIjoxfQ.xAPURXNXmpBqtgd6hU_CJb9vmFmhIoosEDeCjvlIgYg", "created_at": "2021-01-29T08:27:22.021Z", "expires_at": "2021-02-08T08:27:22Z"}}, {"model": "token_blacklist.outstandingtoken", "pk": 305, "fields": {"user": 1, "jti": "82bcbc066b254ddf85720f3ccdb8be20", "token": "eyJ0eXAiOiJKV1QiLCJhbGciOiJIUzI1NiJ9.eyJ0b2tlbl90eXBlIjoicmVmcmVzaCIsImV4cCI6MTYxMjc3Mjg0MiwianRpIjoiODJiY2JjMDY2YjI1NGRkZjg1NzIwZjNjY2RiOGJlMjAiLCJ1c2VyX2lkIjoxfQ.Ccle-BdqO4XEGYLcVOav6a2gksUXr_bQJJarIYzSxas", "created_at": "2021-01-29T08:27:22.121Z", "expires_at": "2021-02-08T08:27:22Z"}}, {"model": "token_blacklist.outstandingtoken", "pk": 306, "fields": {"user": 1, "jti": "37664e3f4f4a47e193fc1a821f23d9e3", "token": "eyJ0eXAiOiJKV1QiLCJhbGciOiJIUzI1NiJ9.eyJ0b2tlbl90eXBlIjoicmVmcmVzaCIsImV4cCI6MTYxMjc3MzIzOCwianRpIjoiMzc2NjRlM2Y0ZjRhNDdlMTkzZmMxYTgyMWYyM2Q5ZTMiLCJ1c2VyX2lkIjoxfQ.E3LI9Qb7alrpaxa98gpCeoVqHtfyU01LZgSYxi6nimg", "created_at": "2021-01-29T08:33:58.619Z", "expires_at": "2021-02-08T08:33:58Z"}}, {"model": "token_blacklist.outstandingtoken", "pk": 307, "fields": {"user": 1, "jti": "1d0b7b665f9e4f8ca6364a5a4a76dd56", "token": "eyJ0eXAiOiJKV1QiLCJhbGciOiJIUzI1NiJ9.eyJ0b2tlbl90eXBlIjoicmVmcmVzaCIsImV4cCI6MTYxMjc3MzIzOCwianRpIjoiMWQwYjdiNjY1ZjllNGY4Y2E2MzY0YTVhNGE3NmRkNTYiLCJ1c2VyX2lkIjoxfQ.jinW_YiezNzw-CzTamVVeTA2Fw1Qcb9puB2CSgeFtr8", "created_at": "2021-01-29T08:33:58.741Z", "expires_at": "2021-02-08T08:33:58Z"}}, {"model": "token_blacklist.outstandingtoken", "pk": 308, "fields": {"user": 1, "jti": "338c95a9d868410da0ecd9a62c8064f9", "token": "eyJ0eXAiOiJKV1QiLCJhbGciOiJIUzI1NiJ9.eyJ0b2tlbl90eXBlIjoicmVmcmVzaCIsImV4cCI6MTYxMjc3NzcwNiwianRpIjoiMzM4Yzk1YTlkODY4NDEwZGEwZWNkOWE2MmM4MDY0ZjkiLCJ1c2VyX2lkIjoxfQ.8VR1wcG7IcLcIzG0ILpMpNoVJdkdkdDXWLA_Sd7CjVE", "created_at": "2021-01-29T09:48:26.315Z", "expires_at": "2021-02-08T09:48:26Z"}}, {"model": "token_blacklist.outstandingtoken", "pk": 309, "fields": {"user": 1, "jti": "9d6543317a904e829644a4816f27212e", "token": "eyJ0eXAiOiJKV1QiLCJhbGciOiJIUzI1NiJ9.eyJ0b2tlbl90eXBlIjoicmVmcmVzaCIsImV4cCI6MTYxMjc3NzcwNiwianRpIjoiOWQ2NTQzMzE3YTkwNGU4Mjk2NDRhNDgxNmYyNzIxMmUiLCJ1c2VyX2lkIjoxfQ.UsT2BvdS_ZJBvo9eDHqHn7ZTnNf4cbM1-Nse9VO2A6s", "created_at": "2021-01-29T09:48:26.419Z", "expires_at": "2021-02-08T09:48:26Z"}}, {"model": "token_blacklist.outstandingtoken", "pk": 310, "fields": {"user": 1, "jti": "a3c9508a96ed45c39cef9f0c84b68747", "token": "eyJ0eXAiOiJKV1QiLCJhbGciOiJIUzI1NiJ9.eyJ0b2tlbl90eXBlIjoicmVmcmVzaCIsImV4cCI6MTYxMjgzNDY5MSwianRpIjoiYTNjOTUwOGE5NmVkNDVjMzljZWY5ZjBjODRiNjg3NDciLCJ1c2VyX2lkIjoxfQ.DOd6sGS0UXvYfrIopegAC8rpQaBAD-hcPVBSZhgRDI0", "created_at": "2021-01-30T01:38:11.655Z", "expires_at": "2021-02-09T01:38:11Z"}}, {"model": "token_blacklist.outstandingtoken", "pk": 311, "fields": {"user": 1, "jti": "7ebb1e49837a451e890143c0a701d99d", "token": "eyJ0eXAiOiJKV1QiLCJhbGciOiJIUzI1NiJ9.eyJ0b2tlbl90eXBlIjoicmVmcmVzaCIsImV4cCI6MTYxMjgzNDY5MSwianRpIjoiN2ViYjFlNDk4MzdhNDUxZTg5MDE0M2MwYTcwMWQ5OWQiLCJ1c2VyX2lkIjoxfQ._pm8VUXwXOAzbpHI4wBC0t9pTgOVCmGS52Muy93h8IU", "created_at": "2021-01-30T01:38:11.757Z", "expires_at": "2021-02-09T01:38:11Z"}}, {"model": "token_blacklist.outstandingtoken", "pk": 312, "fields": {"user": 1, "jti": "983ad0c3524f461e90dd60a9a8fc375a", "token": "eyJ0eXAiOiJKV1QiLCJhbGciOiJIUzI1NiJ9.eyJ0b2tlbl90eXBlIjoicmVmcmVzaCIsImV4cCI6MTYxMjg0NDQ5MiwianRpIjoiOTgzYWQwYzM1MjRmNDYxZTkwZGQ2MGE5YThmYzM3NWEiLCJ1c2VyX2lkIjoxfQ.-UiP4F0aVjWUbk0yRek3UgVMSiV-0sBhfJxvm_l4Uh0", "created_at": "2021-01-30T04:21:32.861Z", "expires_at": "2021-02-09T04:21:32Z"}}, {"model": "token_blacklist.outstandingtoken", "pk": 313, "fields": {"user": 1, "jti": "9dfe825ba0e047b0b82fd9222bac03c5", "token": "eyJ0eXAiOiJKV1QiLCJhbGciOiJIUzI1NiJ9.eyJ0b2tlbl90eXBlIjoicmVmcmVzaCIsImV4cCI6MTYxMjg0NDQ5MiwianRpIjoiOWRmZTgyNWJhMGUwNDdiMGI4MmZkOTIyMmJhYzAzYzUiLCJ1c2VyX2lkIjoxfQ.lm95OwfSBv7W9GClxgsNzYT0aRYhArGZU3dKS0HNkco", "created_at": "2021-01-30T04:21:32.946Z", "expires_at": "2021-02-09T04:21:32Z"}}, {"model": "token_blacklist.outstandingtoken", "pk": 314, "fields": {"user": 1, "jti": "7c119967be274813848ed58b1ac1c37b", "token": "eyJ0eXAiOiJKV1QiLCJhbGciOiJIUzI1NiJ9.eyJ0b2tlbl90eXBlIjoicmVmcmVzaCIsImV4cCI6MTYxMjg0NTk4NiwianRpIjoiN2MxMTk5NjdiZTI3NDgxMzg0OGVkNThiMWFjMWMzN2IiLCJ1c2VyX2lkIjoxfQ.xddR_0ou7UrhnxFm0HNlKTzl8SGjkfxn4CmJ48Ce22w", "created_at": "2021-01-30T04:46:26.897Z", "expires_at": "2021-02-09T04:46:26Z"}}, {"model": "token_blacklist.outstandingtoken", "pk": 315, "fields": {"user": 1, "jti": "6e7f67dd499a44d7ae4269421f5b404f", "token": "eyJ0eXAiOiJKV1QiLCJhbGciOiJIUzI1NiJ9.eyJ0b2tlbl90eXBlIjoicmVmcmVzaCIsImV4cCI6MTYxMjg0NTk4NiwianRpIjoiNmU3ZjY3ZGQ0OTlhNDRkN2FlNDI2OTQyMWY1YjQwNGYiLCJ1c2VyX2lkIjoxfQ.nypGcGWmsQDFxbZOwCyHKrarnGmQyOv-Ci0Iq-Dq984", "created_at": "2021-01-30T04:46:26.970Z", "expires_at": "2021-02-09T04:46:26Z"}}, {"model": "token_blacklist.outstandingtoken", "pk": 316, "fields": {"user": 1, "jti": "36cd7fe20161470cab4761141fe23beb", "token": "eyJ0eXAiOiJKV1QiLCJhbGciOiJIUzI1NiJ9.eyJ0b2tlbl90eXBlIjoicmVmcmVzaCIsImV4cCI6MTYxMjg0NjA2MCwianRpIjoiMzZjZDdmZTIwMTYxNDcwY2FiNDc2MTE0MWZlMjNiZWIiLCJ1c2VyX2lkIjoxfQ.y4bg-PNwGaFQffYzqakJTfzlAB5U0oaNJrcoqTit3i4", "created_at": "2021-01-30T04:47:40.234Z", "expires_at": "2021-02-09T04:47:40Z"}}, {"model": "token_blacklist.outstandingtoken", "pk": 317, "fields": {"user": 1, "jti": "721e61c376a947058b368016dc10ebf2", "token": "eyJ0eXAiOiJKV1QiLCJhbGciOiJIUzI1NiJ9.eyJ0b2tlbl90eXBlIjoicmVmcmVzaCIsImV4cCI6MTYxMjg0NjA2MCwianRpIjoiNzIxZTYxYzM3NmE5NDcwNThiMzY4MDE2ZGMxMGViZjIiLCJ1c2VyX2lkIjoxfQ.iW10nsFwQ1L5vYRjZQ61H-zGD4P1V-NIu7dFhBrxSfE", "created_at": "2021-01-30T04:47:40.408Z", "expires_at": "2021-02-09T04:47:40Z"}}, {"model": "token_blacklist.outstandingtoken", "pk": 318, "fields": {"user": 1, "jti": "d0402b8ad03d4cdfb9aa8588048ab531", "token": "eyJ0eXAiOiJKV1QiLCJhbGciOiJIUzI1NiJ9.eyJ0b2tlbl90eXBlIjoicmVmcmVzaCIsImV4cCI6MTYxMjg0NjEwMSwianRpIjoiZDA0MDJiOGFkMDNkNGNkZmI5YWE4NTg4MDQ4YWI1MzEiLCJ1c2VyX2lkIjoxfQ.mrR9bFwHJnhgs2QewOa7vSA7e2qHCNuqbxyYtYAoAkw", "created_at": "2021-01-30T04:48:21.189Z", "expires_at": "2021-02-09T04:48:21Z"}}, {"model": "token_blacklist.outstandingtoken", "pk": 319, "fields": {"user": 1, "jti": "04c33623e2c94b21adc123a28daaea76", "token": "eyJ0eXAiOiJKV1QiLCJhbGciOiJIUzI1NiJ9.eyJ0b2tlbl90eXBlIjoicmVmcmVzaCIsImV4cCI6MTYxMjg0NjEwMSwianRpIjoiMDRjMzM2MjNlMmM5NGIyMWFkYzEyM2EyOGRhYWVhNzYiLCJ1c2VyX2lkIjoxfQ.E2jeWPznvxb8TR0J3bDIx4oefmMCHHbfHLf1ZE3Wqgw", "created_at": "2021-01-30T04:48:21.293Z", "expires_at": "2021-02-09T04:48:21Z"}}, {"model": "token_blacklist.outstandingtoken", "pk": 320, "fields": {"user": 1, "jti": "3f161a9229c74ac4bcb38a4bb5afc233", "token": "eyJ0eXAiOiJKV1QiLCJhbGciOiJIUzI1NiJ9.eyJ0b2tlbl90eXBlIjoicmVmcmVzaCIsImV4cCI6MTYxMjg0NjcxMSwianRpIjoiM2YxNjFhOTIyOWM3NGFjNGJjYjM4YTRiYjVhZmMyMzMiLCJ1c2VyX2lkIjoxfQ.phN5Vn3iIyAMPc0bSKkve2RZ9_2v0FVe3iwh3UOY04g", "created_at": "2021-01-30T04:58:31.624Z", "expires_at": "2021-02-09T04:58:31Z"}}, {"model": "token_blacklist.outstandingtoken", "pk": 321, "fields": {"user": 1, "jti": "4746702e5fe84da7be37c19b9090f94c", "token": "eyJ0eXAiOiJKV1QiLCJhbGciOiJIUzI1NiJ9.eyJ0b2tlbl90eXBlIjoicmVmcmVzaCIsImV4cCI6MTYxMjg0NjcxMSwianRpIjoiNDc0NjcwMmU1ZmU4NGRhN2JlMzdjMTliOTA5MGY5NGMiLCJ1c2VyX2lkIjoxfQ.ktzDdoetEc0MjU5b50R3f81LpwAU1ySeu0wJGKRGpf4", "created_at": "2021-01-30T04:58:31.700Z", "expires_at": "2021-02-09T04:58:31Z"}}, {"model": "token_blacklist.outstandingtoken", "pk": 322, "fields": {"user": 1, "jti": "9a6a21b394b344ba8cc977a5ce232a15", "token": "eyJ0eXAiOiJKV1QiLCJhbGciOiJIUzI1NiJ9.eyJ0b2tlbl90eXBlIjoicmVmcmVzaCIsImV4cCI6MTYxMjg0Njk4NCwianRpIjoiOWE2YTIxYjM5NGIzNDRiYThjYzk3N2E1Y2UyMzJhMTUiLCJ1c2VyX2lkIjoxfQ.71E-b3KR-tEYCIxqJdFyNvuURqP1X5GlaCT1Tv3RsLc", "created_at": "2021-01-30T05:03:04.530Z", "expires_at": "2021-02-09T05:03:04Z"}}, {"model": "token_blacklist.outstandingtoken", "pk": 323, "fields": {"user": 1, "jti": "7b4798f038dc460db3e29e2f3cec9297", "token": "eyJ0eXAiOiJKV1QiLCJhbGciOiJIUzI1NiJ9.eyJ0b2tlbl90eXBlIjoicmVmcmVzaCIsImV4cCI6MTYxMjg0Njk4NCwianRpIjoiN2I0Nzk4ZjAzOGRjNDYwZGIzZTI5ZTJmM2NlYzkyOTciLCJ1c2VyX2lkIjoxfQ.hOa9n_U-7arZuGY90A0IvAFVtLxzZeHIBH45b72YjXU", "created_at": "2021-01-30T05:03:04.687Z", "expires_at": "2021-02-09T05:03:04Z"}}, {"model": "token_blacklist.outstandingtoken", "pk": 324, "fields": {"user": 1, "jti": "ce5c63938c0345f782abd9912af87bc5", "token": "eyJ0eXAiOiJKV1QiLCJhbGciOiJIUzI1NiJ9.eyJ0b2tlbl90eXBlIjoicmVmcmVzaCIsImV4cCI6MTYxMjg0NzA1NiwianRpIjoiY2U1YzYzOTM4YzAzNDVmNzgyYWJkOTkxMmFmODdiYzUiLCJ1c2VyX2lkIjoxfQ.l5SAvn3V_G01bDJT7W5a6v_t8ss2c2-OS5G85p4TD8A", "created_at": "2021-01-30T05:04:16.034Z", "expires_at": "2021-02-09T05:04:16Z"}}, {"model": "token_blacklist.outstandingtoken", "pk": 325, "fields": {"user": 1, "jti": "5100aa006b3948098d2f755b2d72eb3c", "token": "eyJ0eXAiOiJKV1QiLCJhbGciOiJIUzI1NiJ9.eyJ0b2tlbl90eXBlIjoicmVmcmVzaCIsImV4cCI6MTYxMjg0NzA1NiwianRpIjoiNTEwMGFhMDA2YjM5NDgwOThkMmY3NTViMmQ3MmViM2MiLCJ1c2VyX2lkIjoxfQ.gXaIGgA1bEnwyICC8jrATRUeHaTGORf5CxRBffCZdwM", "created_at": "2021-01-30T05:04:16.149Z", "expires_at": "2021-02-09T05:04:16Z"}}, {"model": "token_blacklist.outstandingtoken", "pk": 326, "fields": {"user": 1, "jti": "c43af4db0f4b48609f62905117fc171f", "token": "eyJ0eXAiOiJKV1QiLCJhbGciOiJIUzI1NiJ9.eyJ0b2tlbl90eXBlIjoicmVmcmVzaCIsImV4cCI6MTYxMjg0NzEyOSwianRpIjoiYzQzYWY0ZGIwZjRiNDg2MDlmNjI5MDUxMTdmYzE3MWYiLCJ1c2VyX2lkIjoxfQ.AxC-E6DB73eU061jHayJF29MVcP60Whrywt4QbNd2_s", "created_at": "2021-01-30T05:05:29.004Z", "expires_at": "2021-02-09T05:05:29Z"}}, {"model": "token_blacklist.outstandingtoken", "pk": 327, "fields": {"user": 1, "jti": "0a14bcc47d064f9993d9d33f5227dbb1", "token": "eyJ0eXAiOiJKV1QiLCJhbGciOiJIUzI1NiJ9.eyJ0b2tlbl90eXBlIjoicmVmcmVzaCIsImV4cCI6MTYxMjg0NzEyOSwianRpIjoiMGExNGJjYzQ3ZDA2NGY5OTkzZDlkMzNmNTIyN2RiYjEiLCJ1c2VyX2lkIjoxfQ.GqxbZGJEhKlPRRyPH9NdSA8GVLIeRgw1knN1C8Zgbqo", "created_at": "2021-01-30T05:05:29.116Z", "expires_at": "2021-02-09T05:05:29Z"}}, {"model": "token_blacklist.outstandingtoken", "pk": 328, "fields": {"user": 5, "jti": "ccc04774918a4444b3edea7ce0a447bd", "token": "eyJ0eXAiOiJKV1QiLCJhbGciOiJIUzI1NiJ9.eyJ0b2tlbl90eXBlIjoicmVmcmVzaCIsImV4cCI6MTYxMjg0NzYwMCwianRpIjoiY2NjMDQ3NzQ5MThhNDQ0NGIzZWRlYTdjZTBhNDQ3YmQiLCJ1c2VyX2lkIjo1fQ.jO1NvfFr_vI5bZtPDF7BN2TqBlF4pVUnxWMZVY1HIDI", "created_at": "2021-01-30T05:13:20.443Z", "expires_at": "2021-02-09T05:13:20Z"}}, {"model": "token_blacklist.outstandingtoken", "pk": 329, "fields": {"user": 5, "jti": "4dfbe0eb49be455493438b0eb2da6f1d", "token": "eyJ0eXAiOiJKV1QiLCJhbGciOiJIUzI1NiJ9.eyJ0b2tlbl90eXBlIjoicmVmcmVzaCIsImV4cCI6MTYxMjg0NzYwMCwianRpIjoiNGRmYmUwZWI0OWJlNDU1NDkzNDM4YjBlYjJkYTZmMWQiLCJ1c2VyX2lkIjo1fQ.4wYHSGzUTGitkI51IefskNtxfNlz_Hq0S2sRWN6PcDw", "created_at": "2021-01-30T05:13:20.589Z", "expires_at": "2021-02-09T05:13:20Z"}}, {"model": "token_blacklist.outstandingtoken", "pk": 330, "fields": {"user": 1, "jti": "66572de558684db6a342a51b6c85de14", "token": "eyJ0eXAiOiJKV1QiLCJhbGciOiJIUzI1NiJ9.eyJ0b2tlbl90eXBlIjoicmVmcmVzaCIsImV4cCI6MTYxMjg1MjkyMSwianRpIjoiNjY1NzJkZTU1ODY4NGRiNmEzNDJhNTFiNmM4NWRlMTQiLCJ1c2VyX2lkIjoxfQ.cKAhLtHvT-eG9hsqB53o6vBcy6M6y6gJOx2C79oNRKg", "created_at": "2021-01-30T06:42:01.027Z", "expires_at": "2021-02-09T06:42:01Z"}}, {"model": "token_blacklist.outstandingtoken", "pk": 331, "fields": {"user": 1, "jti": "86a0cb84b73f4c09a406a052fc3a4295", "token": "eyJ0eXAiOiJKV1QiLCJhbGciOiJIUzI1NiJ9.eyJ0b2tlbl90eXBlIjoicmVmcmVzaCIsImV4cCI6MTYxMjg1MjkyMSwianRpIjoiODZhMGNiODRiNzNmNGMwOWE0MDZhMDUyZmMzYTQyOTUiLCJ1c2VyX2lkIjoxfQ.nkuWxWVYd4M6d9abZuRyfc8TaMXL54fcvbVFznZFrr4", "created_at": "2021-01-30T06:42:01.109Z", "expires_at": "2021-02-09T06:42:01Z"}}, {"model": "token_blacklist.outstandingtoken", "pk": 332, "fields": {"user": 1, "jti": "1142edb9417443259613a684b2edcdf9", "token": "eyJ0eXAiOiJKV1QiLCJhbGciOiJIUzI1NiJ9.eyJ0b2tlbl90eXBlIjoicmVmcmVzaCIsImV4cCI6MTYxMjg1NDEyMSwianRpIjoiMTE0MmVkYjk0MTc0NDMyNTk2MTNhNjg0YjJlZGNkZjkiLCJ1c2VyX2lkIjoxfQ.uGLpDJ0W7ve85rR8mYDo_Pw0oOfvotOJr3Yrt6VvYAU", "created_at": "2021-01-30T07:02:01.914Z", "expires_at": "2021-02-09T07:02:01Z"}}, {"model": "token_blacklist.outstandingtoken", "pk": 333, "fields": {"user": 1, "jti": "0083a4421276420a8eea4efa66a48b69", "token": "eyJ0eXAiOiJKV1QiLCJhbGciOiJIUzI1NiJ9.eyJ0b2tlbl90eXBlIjoicmVmcmVzaCIsImV4cCI6MTYxMjg1NDEyMiwianRpIjoiMDA4M2E0NDIxMjc2NDIwYThlZWE0ZWZhNjZhNDhiNjkiLCJ1c2VyX2lkIjoxfQ.6lJNq9uzCsUOfXD8tfGaqQo83ZaDf0etJjKSKNTq7Dg", "created_at": "2021-01-30T07:02:02.008Z", "expires_at": "2021-02-09T07:02:02Z"}}, {"model": "token_blacklist.outstandingtoken", "pk": 334, "fields": {"user": 1, "jti": "627bc0e1b27448b9818966fdee1b7272", "token": "eyJ0eXAiOiJKV1QiLCJhbGciOiJIUzI1NiJ9.eyJ0b2tlbl90eXBlIjoicmVmcmVzaCIsImV4cCI6MTYxMjg2MzQ5MiwianRpIjoiNjI3YmMwZTFiMjc0NDhiOTgxODk2NmZkZWUxYjcyNzIiLCJ1c2VyX2lkIjoxfQ.VxURJYR0Dz4MdazHNokpyrdP9N83tBxaNHptcfgwZcE", "created_at": "2021-01-30T09:38:12.523Z", "expires_at": "2021-02-09T09:38:12Z"}}, {"model": "token_blacklist.outstandingtoken", "pk": 335, "fields": {"user": 1, "jti": "dbee251193714d34b72f99040dab0288", "token": "eyJ0eXAiOiJKV1QiLCJhbGciOiJIUzI1NiJ9.eyJ0b2tlbl90eXBlIjoicmVmcmVzaCIsImV4cCI6MTYxMjg2MzQ5MiwianRpIjoiZGJlZTI1MTE5MzcxNGQzNGI3MmY5OTA0MGRhYjAyODgiLCJ1c2VyX2lkIjoxfQ.K7nes6F2s6fHKzG6OZUVcUm2-fgCkmQ6iaeOs6F1sH4", "created_at": "2021-01-30T09:38:12.611Z", "expires_at": "2021-02-09T09:38:12Z"}}, {"model": "token_blacklist.outstandingtoken", "pk": 336, "fields": {"user": 1, "jti": "926c4ddb1bb94916877153c8ae029161", "token": "eyJ0eXAiOiJKV1QiLCJhbGciOiJIUzI1NiJ9.eyJ0b2tlbl90eXBlIjoicmVmcmVzaCIsImV4cCI6MTYxMjg3MjI0NiwianRpIjoiOTI2YzRkZGIxYmI5NDkxNjg3NzE1M2M4YWUwMjkxNjEiLCJ1c2VyX2lkIjoxfQ.yXUU5-xc4FCEcXe7XRiFhnEe5nNuVeTI4j0xlA5XnTc", "created_at": "2021-01-30T12:04:06.471Z", "expires_at": "2021-02-09T12:04:06Z"}}, {"model": "token_blacklist.outstandingtoken", "pk": 337, "fields": {"user": 1, "jti": "2ebec9e63cf64c1ea66fec53a7f97e14", "token": "eyJ0eXAiOiJKV1QiLCJhbGciOiJIUzI1NiJ9.eyJ0b2tlbl90eXBlIjoicmVmcmVzaCIsImV4cCI6MTYxMjg3MjI0NiwianRpIjoiMmViZWM5ZTYzY2Y2NGMxZWE2NmZlYzUzYTdmOTdlMTQiLCJ1c2VyX2lkIjoxfQ.ysVc-PQpOOKmCuW4knbd_Ch2bL9y-8gZNTgWdxZs-ag", "created_at": "2021-01-30T12:04:06.706Z", "expires_at": "2021-02-09T12:04:06Z"}}, {"model": "token_blacklist.outstandingtoken", "pk": 338, "fields": {"user": 1, "jti": "82e27e1b966e4f488d6833777b7697b6", "token": "eyJ0eXAiOiJKV1QiLCJhbGciOiJIUzI1NiJ9.eyJ0b2tlbl90eXBlIjoicmVmcmVzaCIsImV4cCI6MTYxMjg4MDc2NywianRpIjoiODJlMjdlMWI5NjZlNGY0ODhkNjgzMzc3N2I3Njk3YjYiLCJ1c2VyX2lkIjoxfQ.EHfl8hLeVV6zn7BtoWtA2eog3jAKIfVfPg5mSxj2WQ8", "created_at": "2021-01-30T14:26:07.802Z", "expires_at": "2021-02-09T14:26:07Z"}}, {"model": "token_blacklist.outstandingtoken", "pk": 339, "fields": {"user": 1, "jti": "09c707cf7d5c4b14acc8c7175d58e50f", "token": "eyJ0eXAiOiJKV1QiLCJhbGciOiJIUzI1NiJ9.eyJ0b2tlbl90eXBlIjoicmVmcmVzaCIsImV4cCI6MTYxMjg4MDc2NywianRpIjoiMDljNzA3Y2Y3ZDVjNGIxNGFjYzhjNzE3NWQ1OGU1MGYiLCJ1c2VyX2lkIjoxfQ.gUEsmEO32yfrYRBt6ZPekY2lEbOdwuLhaKKQy0tQY4s", "created_at": "2021-01-30T14:26:07.936Z", "expires_at": "2021-02-09T14:26:07Z"}}, {"model": "token_blacklist.outstandingtoken", "pk": 340, "fields": {"user": 1, "jti": "0a5922527fd04dd7afe6c66355ca2b1c", "token": "eyJ0eXAiOiJKV1QiLCJhbGciOiJIUzI1NiJ9.eyJ0b2tlbl90eXBlIjoicmVmcmVzaCIsImV4cCI6MTYxMzA5OTkwOSwianRpIjoiMGE1OTIyNTI3ZmQwNGRkN2FmZTZjNjYzNTVjYTJiMWMiLCJ1c2VyX2lkIjoxfQ.y80-YeNzF1iudcUH_pZdVhkZya3mEkXh5IKDPFEhYUQ", "created_at": "2021-02-02T03:18:29.341Z", "expires_at": "2021-02-12T03:18:29Z"}}, {"model": "token_blacklist.outstandingtoken", "pk": 341, "fields": {"user": 1, "jti": "ab8f9d1dfe1e4e309dc2fe080dc26bd3", "token": "eyJ0eXAiOiJKV1QiLCJhbGciOiJIUzI1NiJ9.eyJ0b2tlbl90eXBlIjoicmVmcmVzaCIsImV4cCI6MTYxMzA5OTkwOSwianRpIjoiYWI4ZjlkMWRmZTFlNGUzMDlkYzJmZTA4MGRjMjZiZDMiLCJ1c2VyX2lkIjoxfQ.QU6romJVMeFBth1k_DtvbPfZMSxCQrDq5eeU6UPwA-U", "created_at": "2021-02-02T03:18:29.458Z", "expires_at": "2021-02-12T03:18:29Z"}}, {"model": "token_blacklist.outstandingtoken", "pk": 342, "fields": {"user": 1, "jti": "7d50e0ed83e648aa922b8e50d38a43fe", "token": "eyJ0eXAiOiJKV1QiLCJhbGciOiJIUzI1NiJ9.eyJ0b2tlbl90eXBlIjoicmVmcmVzaCIsImV4cCI6MTYxMzEwMDE5MSwianRpIjoiN2Q1MGUwZWQ4M2U2NDhhYTkyMmI4ZTUwZDM4YTQzZmUiLCJ1c2VyX2lkIjoxfQ.yDR_BeG7ZYmRwGaVdGCnXlge4MeTZxb6aBUHP7mKenc", "created_at": "2021-02-02T03:23:11.701Z", "expires_at": "2021-02-12T03:23:11Z"}}, {"model": "token_blacklist.outstandingtoken", "pk": 343, "fields": {"user": 1, "jti": "60e8ee5505be4085bd15a27a672bc965", "token": "eyJ0eXAiOiJKV1QiLCJhbGciOiJIUzI1NiJ9.eyJ0b2tlbl90eXBlIjoicmVmcmVzaCIsImV4cCI6MTYxMzEwMDE5MSwianRpIjoiNjBlOGVlNTUwNWJlNDA4NWJkMTVhMjdhNjcyYmM5NjUiLCJ1c2VyX2lkIjoxfQ.qSZql_jC2OyjLoKAijtQ6vsAkziHgiZzhMUvcjwtuf4", "created_at": "2021-02-02T03:23:11.798Z", "expires_at": "2021-02-12T03:23:11Z"}}, {"model": "token_blacklist.outstandingtoken", "pk": 344, "fields": {"user": 1, "jti": "71f32ca22c224801ae09ed2dfac74bb5", "token": "eyJ0eXAiOiJKV1QiLCJhbGciOiJIUzI1NiJ9.eyJ0b2tlbl90eXBlIjoicmVmcmVzaCIsImV4cCI6MTYxMzEwMDQ2NywianRpIjoiNzFmMzJjYTIyYzIyNDgwMWFlMDllZDJkZmFjNzRiYjUiLCJ1c2VyX2lkIjoxfQ.esodQSpXlaMIz0L76DZ7wq9Gq5eYISzvxHpsTdsZTyY", "created_at": "2021-02-02T03:27:47.789Z", "expires_at": "2021-02-12T03:27:47Z"}}, {"model": "token_blacklist.outstandingtoken", "pk": 345, "fields": {"user": 1, "jti": "520139022aee48f4a50071dee95f387e", "token": "eyJ0eXAiOiJKV1QiLCJhbGciOiJIUzI1NiJ9.eyJ0b2tlbl90eXBlIjoicmVmcmVzaCIsImV4cCI6MTYxMzEwMDQ2NywianRpIjoiNTIwMTM5MDIyYWVlNDhmNGE1MDA3MWRlZTk1ZjM4N2UiLCJ1c2VyX2lkIjoxfQ.1XtWJBL0n_uDvy4bNY9u39PNHNAwMzcUYuG4H9-M3Gg", "created_at": "2021-02-02T03:27:47.871Z", "expires_at": "2021-02-12T03:27:47Z"}}, {"model": "token_blacklist.outstandingtoken", "pk": 346, "fields": {"user": 1, "jti": "23e99bde321a4318897f76369cf1074f", "token": "eyJ0eXAiOiJKV1QiLCJhbGciOiJIUzI1NiJ9.eyJ0b2tlbl90eXBlIjoicmVmcmVzaCIsImV4cCI6MTYxMzExMjU5MSwianRpIjoiMjNlOTliZGUzMjFhNDMxODg5N2Y3NjM2OWNmMTA3NGYiLCJ1c2VyX2lkIjoxfQ.3XjRv6EmnUSbVbcTHcbboWo5XTm7CQOkhRY98OgvWl0", "created_at": "2021-02-02T06:49:51.527Z", "expires_at": "2021-02-12T06:49:51Z"}}, {"model": "token_blacklist.outstandingtoken", "pk": 347, "fields": {"user": 1, "jti": "66d41218cdd54b17a80fbca8e1112883", "token": "eyJ0eXAiOiJKV1QiLCJhbGciOiJIUzI1NiJ9.eyJ0b2tlbl90eXBlIjoicmVmcmVzaCIsImV4cCI6MTYxMzExMjU5MSwianRpIjoiNjZkNDEyMThjZGQ1NGIxN2E4MGZiY2E4ZTExMTI4ODMiLCJ1c2VyX2lkIjoxfQ.PFTzE2GKI25jHLQYxCTVCFvYRZ0nTMFob7FMYwhwUTo", "created_at": "2021-02-02T06:49:51.669Z", "expires_at": "2021-02-12T06:49:51Z"}}, {"model": "token_blacklist.outstandingtoken", "pk": 348, "fields": {"user": 1, "jti": "cde576d3ce7f4ca495d5aebf303e76e9", "token": "eyJ0eXAiOiJKV1QiLCJhbGciOiJIUzI1NiJ9.eyJ0b2tlbl90eXBlIjoicmVmcmVzaCIsImV4cCI6MTYxMzExMzU0MCwianRpIjoiY2RlNTc2ZDNjZTdmNGNhNDk1ZDVhZWJmMzAzZTc2ZTkiLCJ1c2VyX2lkIjoxfQ.D7X6xv5-NG80qjyMnOBInwbg8HpDFjii1QHQXKhx3-8", "created_at": "2021-02-02T07:05:40.347Z", "expires_at": "2021-02-12T07:05:40Z"}}, {"model": "token_blacklist.outstandingtoken", "pk": 349, "fields": {"user": 1, "jti": "f6b836f6dd0043d7a962d99d4fd689e1", "token": "eyJ0eXAiOiJKV1QiLCJhbGciOiJIUzI1NiJ9.eyJ0b2tlbl90eXBlIjoicmVmcmVzaCIsImV4cCI6MTYxMzExMzU0MCwianRpIjoiZjZiODM2ZjZkZDAwNDNkN2E5NjJkOTlkNGZkNjg5ZTEiLCJ1c2VyX2lkIjoxfQ.oE_2ylPBqPjaEA_OELekZvqQRQwmA1tVx2aoR3Jqr5E", "created_at": "2021-02-02T07:05:40.441Z", "expires_at": "2021-02-12T07:05:40Z"}}, {"model": "token_blacklist.outstandingtoken", "pk": 350, "fields": {"user": 1, "jti": "155b4104b8d241ee969fc1e79c2570df", "token": "eyJ0eXAiOiJKV1QiLCJhbGciOiJIUzI1NiJ9.eyJ0b2tlbl90eXBlIjoicmVmcmVzaCIsImV4cCI6MTYxMzExNjMwNiwianRpIjoiMTU1YjQxMDRiOGQyNDFlZTk2OWZjMWU3OWMyNTcwZGYiLCJ1c2VyX2lkIjoxfQ.2b4t-EQf5sSafo515KJOj59eqU5V2QOrsiCmC6w0IJI", "created_at": "2021-02-02T07:51:46.813Z", "expires_at": "2021-02-12T07:51:46Z"}}, {"model": "token_blacklist.outstandingtoken", "pk": 351, "fields": {"user": 1, "jti": "3771b681679345ce9671ee80dcebb7b4", "token": "eyJ0eXAiOiJKV1QiLCJhbGciOiJIUzI1NiJ9.eyJ0b2tlbl90eXBlIjoicmVmcmVzaCIsImV4cCI6MTYxMzExNjMwNiwianRpIjoiMzc3MWI2ODE2NzkzNDVjZTk2NzFlZTgwZGNlYmI3YjQiLCJ1c2VyX2lkIjoxfQ.x5KohEdaJ4Npw16DBr3-40cFrAs-d5o4zxHmGQqZhmI", "created_at": "2021-02-02T07:51:46.911Z", "expires_at": "2021-02-12T07:51:46Z"}}, {"model": "token_blacklist.outstandingtoken", "pk": 352, "fields": {"user": 1, "jti": "486a494d8612470abf0d8ac3655b3d95", "token": "eyJ0eXAiOiJKV1QiLCJhbGciOiJIUzI1NiJ9.eyJ0b2tlbl90eXBlIjoicmVmcmVzaCIsImV4cCI6MTYxMzEyNTc2NywianRpIjoiNDg2YTQ5NGQ4NjEyNDcwYWJmMGQ4YWMzNjU1YjNkOTUiLCJ1c2VyX2lkIjoxfQ.1FbvNMI39mk-sZchOR7xtAhBcd-6rq9GhKPcF_8KgNo", "created_at": "2021-02-02T10:29:27.779Z", "expires_at": "2021-02-12T10:29:27Z"}}, {"model": "token_blacklist.outstandingtoken", "pk": 353, "fields": {"user": 1, "jti": "4eceebc8870b4c60872e38dd2376c418", "token": "eyJ0eXAiOiJKV1QiLCJhbGciOiJIUzI1NiJ9.eyJ0b2tlbl90eXBlIjoicmVmcmVzaCIsImV4cCI6MTYxMzEyNTc2NywianRpIjoiNGVjZWViYzg4NzBiNGM2MDg3MmUzOGRkMjM3NmM0MTgiLCJ1c2VyX2lkIjoxfQ.sPhQr8iYSCHSaepbjVdfjQJYmOnC9pKzpiDltx87C7c", "created_at": "2021-02-02T10:29:27.923Z", "expires_at": "2021-02-12T10:29:27Z"}}, {"model": "token_blacklist.outstandingtoken", "pk": 354, "fields": {"user": 1, "jti": "47a12c96677d4ae19eeb519b63da9156", "token": "eyJ0eXAiOiJKV1QiLCJhbGciOiJIUzI1NiJ9.eyJ0b2tlbl90eXBlIjoicmVmcmVzaCIsImV4cCI6MTYxMzEyNjQyOCwianRpIjoiNDdhMTJjOTY2NzdkNGFlMTllZWI1MTliNjNkYTkxNTYiLCJ1c2VyX2lkIjoxfQ._HaeaTvdSn6cwnWk0uKEdDpWkxcug_xPdwv4yST8Nvc", "created_at": "2021-02-02T10:40:28.325Z", "expires_at": "2021-02-12T10:40:28Z"}}, {"model": "token_blacklist.outstandingtoken", "pk": 355, "fields": {"user": 1, "jti": "d2215122a66a4a97ac2c6e49fc9d9117", "token": "eyJ0eXAiOiJKV1QiLCJhbGciOiJIUzI1NiJ9.eyJ0b2tlbl90eXBlIjoicmVmcmVzaCIsImV4cCI6MTYxMzEyNjQyOCwianRpIjoiZDIyMTUxMjJhNjZhNGE5N2FjMmM2ZTQ5ZmM5ZDkxMTciLCJ1c2VyX2lkIjoxfQ.nJlX69Kf8uoW8ZGiEPus2TA6Ok6ufCXAezOkp-vUclM", "created_at": "2021-02-02T10:40:28.445Z", "expires_at": "2021-02-12T10:40:28Z"}}, {"model": "token_blacklist.outstandingtoken", "pk": 356, "fields": {"user": 1, "jti": "dc9e215af1ca49df8a0a2e7effbfae81", "token": "eyJ0eXAiOiJKV1QiLCJhbGciOiJIUzI1NiJ9.eyJ0b2tlbl90eXBlIjoicmVmcmVzaCIsImV4cCI6MTYxMzEyOTE4MywianRpIjoiZGM5ZTIxNWFmMWNhNDlkZjhhMGEyZTdlZmZiZmFlODEiLCJ1c2VyX2lkIjoxfQ.95IDGJnwYSMWFeemgfTvEIESzQIKswgoY6aMn1MGEfo", "created_at": "2021-02-02T11:26:23.893Z", "expires_at": "2021-02-12T11:26:23Z"}}, {"model": "token_blacklist.outstandingtoken", "pk": 357, "fields": {"user": 1, "jti": "499873e1327f43da85a1b9d70217dcf3", "token": "eyJ0eXAiOiJKV1QiLCJhbGciOiJIUzI1NiJ9.eyJ0b2tlbl90eXBlIjoicmVmcmVzaCIsImV4cCI6MTYxMzEyOTE4NCwianRpIjoiNDk5ODczZTEzMjdmNDNkYTg1YTFiOWQ3MDIxN2RjZjMiLCJ1c2VyX2lkIjoxfQ.s7vbHIpR0cLVhpBAfSwOGN5zFzoBgiGRvmx_o0Ce2ZQ", "created_at": "2021-02-02T11:26:24.033Z", "expires_at": "2021-02-12T11:26:24Z"}}, {"model": "token_blacklist.outstandingtoken", "pk": 358, "fields": {"user": 1, "jti": "c02d10c2a1724915b58bfd2a40948968", "token": "eyJ0eXAiOiJKV1QiLCJhbGciOiJIUzI1NiJ9.eyJ0b2tlbl90eXBlIjoicmVmcmVzaCIsImV4cCI6MTYxMzE5MjM1NywianRpIjoiYzAyZDEwYzJhMTcyNDkxNWI1OGJmZDJhNDA5NDg5NjgiLCJ1c2VyX2lkIjoxfQ.cmyR9deEaskSFhK-zjSj5bq15rqU8QLzESvIH-0oMUU", "created_at": "2021-02-03T04:59:17.914Z", "expires_at": "2021-02-13T04:59:17Z"}}, {"model": "token_blacklist.outstandingtoken", "pk": 359, "fields": {"user": 1, "jti": "da4acad4669c44a1aa0bb86ff80ee2d8", "token": "eyJ0eXAiOiJKV1QiLCJhbGciOiJIUzI1NiJ9.eyJ0b2tlbl90eXBlIjoicmVmcmVzaCIsImV4cCI6MTYxMzE5MjM1OCwianRpIjoiZGE0YWNhZDQ2NjljNDRhMWFhMGJiODZmZjgwZWUyZDgiLCJ1c2VyX2lkIjoxfQ.TJFiM9iG85k-IM0JHMUoTYeS9Gf0yNrpaY5FRChEx8c", "created_at": "2021-02-03T04:59:18.073Z", "expires_at": "2021-02-13T04:59:18Z"}}, {"model": "token_blacklist.outstandingtoken", "pk": 360, "fields": {"user": 1, "jti": "a4814cab7934422c8c6fe5b2e5d1b669", "token": "eyJ0eXAiOiJKV1QiLCJhbGciOiJIUzI1NiJ9.eyJ0b2tlbl90eXBlIjoicmVmcmVzaCIsImV4cCI6MTYxMzIxOTEwNiwianRpIjoiYTQ4MTRjYWI3OTM0NDIyYzhjNmZlNWIyZTVkMWI2NjkiLCJ1c2VyX2lkIjoxfQ.wVSAZyh9TORHwLPUGfis4zrCgL36h7Ex32PdSpCq_E4", "created_at": "2021-02-03T12:25:06.821Z", "expires_at": "2021-02-13T12:25:06Z"}}, {"model": "token_blacklist.outstandingtoken", "pk": 361, "fields": {"user": 1, "jti": "fadc2de2ef6d449885087ad60c2afe3c", "token": "eyJ0eXAiOiJKV1QiLCJhbGciOiJIUzI1NiJ9.eyJ0b2tlbl90eXBlIjoicmVmcmVzaCIsImV4cCI6MTYxMzIxOTEwNiwianRpIjoiZmFkYzJkZTJlZjZkNDQ5ODg1MDg3YWQ2MGMyYWZlM2MiLCJ1c2VyX2lkIjoxfQ.OGXL3LJLN8cxMBjgqNFFps7OjV9eJffNE9FWpv14GaM", "created_at": "2021-02-03T12:25:06.904Z", "expires_at": "2021-02-13T12:25:06Z"}}, {"model": "token_blacklist.outstandingtoken", "pk": 362, "fields": {"user": 1, "jti": "9fcbdee2f62441cbabe6bf14aa5bf6fb", "token": "eyJ0eXAiOiJKV1QiLCJhbGciOiJIUzI1NiJ9.eyJ0b2tlbl90eXBlIjoicmVmcmVzaCIsImV4cCI6MTYxMzM1MTUxNiwianRpIjoiOWZjYmRlZTJmNjI0NDFjYmFiZTZiZjE0YWE1YmY2ZmIiLCJ1c2VyX2lkIjoxfQ.SsnMse-DHM1WMh7MSgzQhxHEUq4ipqw3WGVRIYbbqok", "created_at": "2021-02-05T01:11:56.703Z", "expires_at": "2021-02-15T01:11:56Z"}}, {"model": "token_blacklist.outstandingtoken", "pk": 363, "fields": {"user": 1, "jti": "90ed729bd3a54321bddccb0efc696e90", "token": "eyJ0eXAiOiJKV1QiLCJhbGciOiJIUzI1NiJ9.eyJ0b2tlbl90eXBlIjoicmVmcmVzaCIsImV4cCI6MTYxMzM1MTUxNiwianRpIjoiOTBlZDcyOWJkM2E1NDMyMWJkZGNjYjBlZmM2OTZlOTAiLCJ1c2VyX2lkIjoxfQ.QIoS2WYf_Tki225SAED9Lgl71v8SBeAdwIpd_LD_4AA", "created_at": "2021-02-05T01:11:56.855Z", "expires_at": "2021-02-15T01:11:56Z"}}, {"model": "token_blacklist.outstandingtoken", "pk": 364, "fields": {"user": 1, "jti": "e1c1a002bcb84063bfb85bba5936baa7", "token": "eyJ0eXAiOiJKV1QiLCJhbGciOiJIUzI1NiJ9.eyJ0b2tlbl90eXBlIjoicmVmcmVzaCIsImV4cCI6MTYxMzM1OTY4MiwianRpIjoiZTFjMWEwMDJiY2I4NDA2M2JmYjg1YmJhNTkzNmJhYTciLCJ1c2VyX2lkIjoxfQ.V91B2q8eCGZ4i8lmq1u3PkodlSPXx2Zdkvcf-cB8_FY", "created_at": "2021-02-05T03:28:02.777Z", "expires_at": "2021-02-15T03:28:02Z"}}, {"model": "token_blacklist.outstandingtoken", "pk": 365, "fields": {"user": 1, "jti": "0558930fb1394078804ae69687c8342e", "token": "eyJ0eXAiOiJKV1QiLCJhbGciOiJIUzI1NiJ9.eyJ0b2tlbl90eXBlIjoicmVmcmVzaCIsImV4cCI6MTYxMzM1OTY4MiwianRpIjoiMDU1ODkzMGZiMTM5NDA3ODgwNGFlNjk2ODdjODM0MmUiLCJ1c2VyX2lkIjoxfQ.Gr7y25fp21xaoy_gxk7MWQG8UrWwkwwe3JYDs1oJMEI", "created_at": "2021-02-05T03:28:02.887Z", "expires_at": "2021-02-15T03:28:02Z"}}, {"model": "token_blacklist.outstandingtoken", "pk": 366, "fields": {"user": 1, "jti": "9192cc2a1d7c485aadf5bb8689bc7063", "token": "eyJ0eXAiOiJKV1QiLCJhbGciOiJIUzI1NiJ9.eyJ0b2tlbl90eXBlIjoicmVmcmVzaCIsImV4cCI6MTYxMzM2MzMyMSwianRpIjoiOTE5MmNjMmExZDdjNDg1YWFkZjViYjg2ODliYzcwNjMiLCJ1c2VyX2lkIjoxfQ.CInpqMiIAnN8uEMEC2_vROG0y6fcwfjhcMQm4RzxsWk", "created_at": "2021-02-05T04:28:41.293Z", "expires_at": "2021-02-15T04:28:41Z"}}, {"model": "token_blacklist.outstandingtoken", "pk": 367, "fields": {"user": 1, "jti": "37dc251836344ab699b1d48cdb5b265a", "token": "eyJ0eXAiOiJKV1QiLCJhbGciOiJIUzI1NiJ9.eyJ0b2tlbl90eXBlIjoicmVmcmVzaCIsImV4cCI6MTYxMzM2MzMyMSwianRpIjoiMzdkYzI1MTgzNjM0NGFiNjk5YjFkNDhjZGI1YjI2NWEiLCJ1c2VyX2lkIjoxfQ.4e9gT14tBZ0cCjqf0DgT8bSPcOqB5XlnucFIquhXX2I", "created_at": "2021-02-05T04:28:41.378Z", "expires_at": "2021-02-15T04:28:41Z"}}, {"model": "token_blacklist.outstandingtoken", "pk": 368, "fields": {"user": 1, "jti": "638b84b3ba03403a9856e8ad2a05457a", "token": "eyJ0eXAiOiJKV1QiLCJhbGciOiJIUzI1NiJ9.eyJ0b2tlbl90eXBlIjoicmVmcmVzaCIsImV4cCI6MTYxMzQ0MTQyNywianRpIjoiNjM4Yjg0YjNiYTAzNDAzYTk4NTZlOGFkMmEwNTQ1N2EiLCJ1c2VyX2lkIjoxfQ.eEcn_x4OwFkovwSkc0V85-mtERAW3ymiX6xBO52lBO4", "created_at": "2021-02-06T02:10:27.756Z", "expires_at": "2021-02-16T02:10:27Z"}}, {"model": "token_blacklist.outstandingtoken", "pk": 369, "fields": {"user": 1, "jti": "513d76c92c604390988086c072f8c3b9", "token": "eyJ0eXAiOiJKV1QiLCJhbGciOiJIUzI1NiJ9.eyJ0b2tlbl90eXBlIjoicmVmcmVzaCIsImV4cCI6MTYxMzQ0MTQyNywianRpIjoiNTEzZDc2YzkyYzYwNDM5MDk4ODA4NmMwNzJmOGMzYjkiLCJ1c2VyX2lkIjoxfQ.SoQRmO_7LTNANJ6X03pdSPlGLUd5i76rmp0QPRIxEgs", "created_at": "2021-02-06T02:10:27.878Z", "expires_at": "2021-02-16T02:10:27Z"}}, {"model": "token_blacklist.outstandingtoken", "pk": 370, "fields": {"user": 1, "jti": "46e9855c61884dc9a04d1119e6ecbf70", "token": "eyJ0eXAiOiJKV1QiLCJhbGciOiJIUzI1NiJ9.eyJ0b2tlbl90eXBlIjoicmVmcmVzaCIsImV4cCI6MTYxMzQ0NjA3NywianRpIjoiNDZlOTg1NWM2MTg4NGRjOWEwNGQxMTE5ZTZlY2JmNzAiLCJ1c2VyX2lkIjoxfQ.O2Xe9p8U-mkB6ikw0p4KuXx-Hh8jfY684z1JhuJD7v0", "created_at": "2021-02-06T03:27:57.425Z", "expires_at": "2021-02-16T03:27:57Z"}}, {"model": "token_blacklist.outstandingtoken", "pk": 371, "fields": {"user": 1, "jti": "2a41554271b84958b5c91547713e2e9c", "token": "eyJ0eXAiOiJKV1QiLCJhbGciOiJIUzI1NiJ9.eyJ0b2tlbl90eXBlIjoicmVmcmVzaCIsImV4cCI6MTYxMzQ0NjA3NywianRpIjoiMmE0MTU1NDI3MWI4NDk1OGI1YzkxNTQ3NzEzZTJlOWMiLCJ1c2VyX2lkIjoxfQ.ALnyXughF-pRFPAK1hR11c775ny5joobUg59PoAOBws", "created_at": "2021-02-06T03:27:57.565Z", "expires_at": "2021-02-16T03:27:57Z"}}, {"model": "token_blacklist.outstandingtoken", "pk": 372, "fields": {"user": 1, "jti": "61947b814f9043d08aeb17992f3da268", "token": "eyJ0eXAiOiJKV1QiLCJhbGciOiJIUzI1NiJ9.eyJ0b2tlbl90eXBlIjoicmVmcmVzaCIsImV4cCI6MTYxMzU0MDk2MiwianRpIjoiNjE5NDdiODE0ZjkwNDNkMDhhZWIxNzk5MmYzZGEyNjgiLCJ1c2VyX2lkIjoxfQ.M7azj0gDCpNbH2dv5dr5as3xYzg9M6ZTQ4hg1tNYzaI", "created_at": "2021-02-07T05:49:22.818Z", "expires_at": "2021-02-17T05:49:22Z"}}, {"model": "token_blacklist.outstandingtoken", "pk": 373, "fields": {"user": 1, "jti": "97bb4331a3de44adb219581f3005b36b", "token": "eyJ0eXAiOiJKV1QiLCJhbGciOiJIUzI1NiJ9.eyJ0b2tlbl90eXBlIjoicmVmcmVzaCIsImV4cCI6MTYxMzU0MDk2MiwianRpIjoiOTdiYjQzMzFhM2RlNDRhZGIyMTk1ODFmMzAwNWIzNmIiLCJ1c2VyX2lkIjoxfQ.9N-pUrXVaFZ5mOXXWtD6ReOpjao1xdsXMlyP9YZTozQ", "created_at": "2021-02-07T05:49:22.902Z", "expires_at": "2021-02-17T05:49:22Z"}}, {"model": "admin.logentry", "pk": 1, "fields": {"action_time": "2021-01-13T10:02:23.192Z", "user": 1, "content_type": 7, "object_id": "2", "object_repr": "test3", "action_flag": 2, "change_message": "[{\"changed\": {\"fields\": [\"Avatar\"]}}]"}}, {"model": "admin.logentry", "pk": 2, "fields": {"action_time": "2021-01-13T10:46:26.693Z", "user": 1, "content_type": 10, "object_id": "1", "object_repr": "SF1980610274340", "action_flag": 1, "change_message": "[{\"added\": {}}]"}}, {"model": "admin.logentry", "pk": 3, "fields": {"action_time": "2021-01-13T10:49:51.230Z", "user": 1, "content_type": 11, "object_id": "1", "object_repr": "bbec94a4-3a40-4b3a-a89d-98d51f1606af", "action_flag": 1, "change_message": "[{\"added\": {}}]"}}, {"model": "admin.logentry", "pk": 4, "fields": {"action_time": "2021-01-13T10:58:20.473Z", "user": 1, "content_type": 11, "object_id": "1", "object_repr": "bbec94a4-3a40-4b3a-a89d-98d51f1606af", "action_flag": 3, "change_message": ""}}, {"model": "admin.logentry", "pk": 5, "fields": {"action_time": "2021-01-13T11:01:32.280Z", "user": 1, "content_type": 11, "object_id": "2", "object_repr": "e27f3aa9-04a0-4e30-b489-e864aa567753", "action_flag": 1, "change_message": "[{\"added\": {}}]"}}, {"model": "admin.logentry", "pk": 6, "fields": {"action_time": "2021-01-13T11:01:37.991Z", "user": 1, "content_type": 11, "object_id": "3", "object_repr": "92499e32-4597-486f-b26c-da4b3a71d538", "action_flag": 1, "change_message": "[{\"added\": {}}]"}}, {"model": "admin.logentry", "pk": 7, "fields": {"action_time": "2021-01-13T12:24:45.352Z", "user": 1, "content_type": 10, "object_id": "2", "object_repr": "SF1980610274341", "action_flag": 1, "change_message": "[{\"added\": {}}]"}}, {"model": "admin.logentry", "pk": 8, "fields": {"action_time": "2021-01-13T12:29:48.055Z", "user": 1, "content_type": 10, "object_id": "1", "object_repr": "SF1980610274340", "action_flag": 2, "change_message": "[{\"changed\": {\"fields\": [\"Cartadded\", \"Order id\"]}}]"}}, {"model": "admin.logentry", "pk": 9, "fields": {"action_time": "2021-01-14T02:14:40.341Z", "user": 1, "content_type": 10, "object_id": "6", "object_repr": "75417607623222", "action_flag": 2, "change_message": "[{\"changed\": {\"fields\": [\"Ordered\"]}}]"}}, {"model": "admin.logentry", "pk": 10, "fields": {"action_time": "2021-01-14T02:14:45.356Z", "user": 1, "content_type": 10, "object_id": "5", "object_repr": "75417607623111", "action_flag": 2, "change_message": "[{\"changed\": {\"fields\": [\"Ordered\"]}}]"}}, {"model": "admin.logentry", "pk": 11, "fields": {"action_time": "2021-01-14T02:15:27.377Z", "user": 1, "content_type": 10, "object_id": "6", "object_repr": "75417607623222", "action_flag": 2, "change_message": "[{\"changed\": {\"fields\": [\"Ordered\"]}}]"}}, {"model": "admin.logentry", "pk": 12, "fields": {"action_time": "2021-01-14T02:15:32.364Z", "user": 1, "content_type": 10, "object_id": "5", "object_repr": "75417607623111", "action_flag": 2, "change_message": "[{\"changed\": {\"fields\": [\"Ordered\"]}}]"}}, {"model": "admin.logentry", "pk": 13, "fields": {"action_time": "2021-01-14T02:29:44.314Z", "user": 1, "content_type": 10, "object_id": "5", "object_repr": "75417607623111", "action_flag": 2, "change_message": "[{\"changed\": {\"fields\": [\"Ordered\"]}}]"}}, {"model": "admin.logentry", "pk": 14, "fields": {"action_time": "2021-01-14T02:29:52.522Z", "user": 1, "content_type": 10, "object_id": "6", "object_repr": "75417607623222", "action_flag": 2, "change_message": "[{\"changed\": {\"fields\": [\"Ordered\"]}}]"}}, {"model": "admin.logentry", "pk": 15, "fields": {"action_time": "2021-01-14T05:06:31.816Z", "user": 1, "content_type": 10, "object_id": "7", "object_repr": "75417607623333", "action_flag": 2, "change_message": "[{\"changed\": {\"fields\": [\"Ordered\"]}}]"}}, {"model": "admin.logentry", "pk": 16, "fields": {"action_time": "2021-01-14T05:06:40.274Z", "user": 1, "content_type": 10, "object_id": "8", "object_repr": "75417607623444", "action_flag": 2, "change_message": "[{\"changed\": {\"fields\": [\"Ordered\"]}}]"}}, {"model": "admin.logentry", "pk": 17, "fields": {"action_time": "2021-01-14T05:09:07.703Z", "user": 1, "content_type": 10, "object_id": "8", "object_repr": "75417607623444", "action_flag": 2, "change_message": "[{\"changed\": {\"fields\": [\"Ordered\", \"Order id\"]}}]"}}, {"model": "admin.logentry", "pk": 18, "fields": {"action_time": "2021-01-14T05:10:05.821Z", "user": 1, "content_type": 10, "object_id": "8", "object_repr": "75417607623444", "action_flag": 2, "change_message": "[{\"changed\": {\"fields\": [\"Ordered\", \"Order id\"]}}]"}}, {"model": "admin.logentry", "pk": 19, "fields": {"action_time": "2021-01-14T05:10:13.003Z", "user": 1, "content_type": 10, "object_id": "7", "object_repr": "75417607623333", "action_flag": 2, "change_message": "[{\"changed\": {\"fields\": [\"Ordered\", \"Order id\"]}}]"}}, {"model": "admin.logentry", "pk": 20, "fields": {"action_time": "2021-01-14T05:15:32.252Z", "user": 1, "content_type": 11, "object_id": "12", "object_repr": "12", "action_flag": 3, "change_message": ""}}, {"model": "admin.logentry", "pk": 21, "fields": {"action_time": "2021-01-14T05:15:32.343Z", "user": 1, "content_type": 11, "object_id": "11", "object_repr": "11", "action_flag": 3, "change_message": ""}}, {"model": "admin.logentry", "pk": 22, "fields": {"action_time": "2021-01-14T05:15:43.854Z", "user": 1, "content_type": 10, "object_id": "8", "object_repr": "75417607623444", "action_flag": 2, "change_message": "[{\"changed\": {\"fields\": [\"Ordered\", \"Order id\"]}}]"}}, {"model": "admin.logentry", "pk": 23, "fields": {"action_time": "2021-01-14T05:15:51.554Z", "user": 1, "content_type": 10, "object_id": "7", "object_repr": "75417607623333", "action_flag": 2, "change_message": "[{\"changed\": {\"fields\": [\"Ordered\", \"Order id\"]}}]"}}, {"model": "admin.logentry", "pk": 24, "fields": {"action_time": "2021-01-14T05:21:52.988Z", "user": 1, "content_type": 10, "object_id": "8", "object_repr": "75417607623444", "action_flag": 2, "change_message": "[{\"changed\": {\"fields\": [\"Ordered\", \"Order id\"]}}]"}}, {"model": "admin.logentry", "pk": 25, "fields": {"action_time": "2021-01-14T05:22:03.812Z", "user": 1, "content_type": 10, "object_id": "7", "object_repr": "75417607623333", "action_flag": 2, "change_message": "[{\"changed\": {\"fields\": [\"Ordered\", \"Order id\"]}}]"}}, {"model": "admin.logentry", "pk": 26, "fields": {"action_time": "2021-01-14T05:22:51.551Z", "user": 1, "content_type": 11, "object_id": "14", "object_repr": "14", "action_flag": 3, "change_message": ""}}, {"model": "admin.logentry", "pk": 27, "fields": {"action_time": "2021-01-14T05:22:51.652Z", "user": 1, "content_type": 11, "object_id": "13", "object_repr": "13", "action_flag": 3, "change_message": ""}}, {"model": "admin.logentry", "pk": 28, "fields": {"action_time": "2021-01-14T05:23:04.210Z", "user": 1, "content_type": 10, "object_id": "8", "object_repr": "75417607623444", "action_flag": 2, "change_message": "[{\"changed\": {\"fields\": [\"Ordered\", \"Order id\"]}}]"}}, {"model": "admin.logentry", "pk": 29, "fields": {"action_time": "2021-01-14T05:28:29.349Z", "user": 1, "content_type": 10, "object_id": "8", "object_repr": "75417607623444", "action_flag": 2, "change_message": "[{\"changed\": {\"fields\": [\"Ordered\", \"Order id\"]}}]"}}, {"model": "admin.logentry", "pk": 30, "fields": {"action_time": "2021-01-14T05:28:39.356Z", "user": 1, "content_type": 11, "object_id": "15", "object_repr": "15", "action_flag": 3, "change_message": ""}}, {"model": "admin.logentry", "pk": 31, "fields": {"action_time": "2021-01-14T05:30:53.219Z", "user": 1, "content_type": 11, "object_id": "16", "object_repr": "16", "action_flag": 3, "change_message": ""}}, {"model": "admin.logentry", "pk": 32, "fields": {"action_time": "2021-01-14T05:31:06.244Z", "user": 1, "content_type": 10, "object_id": "8", "object_repr": "75417607623444", "action_flag": 2, "change_message": "[{\"changed\": {\"fields\": [\"Ordered\", \"Order id\"]}}]"}}, {"model": "admin.logentry", "pk": 33, "fields": {"action_time": "2021-01-14T06:47:11.084Z", "user": 1, "content_type": 10, "object_id": "8", "object_repr": "75417607623444", "action_flag": 2, "change_message": "[{\"changed\": {\"fields\": [\"Ordered\", \"Order id\"]}}]"}}, {"model": "admin.logentry", "pk": 34, "fields": {"action_time": "2021-01-14T06:47:18.209Z", "user": 1, "content_type": 10, "object_id": "7", "object_repr": "75417607623333", "action_flag": 2, "change_message": "[{\"changed\": {\"fields\": [\"Ordered\", \"Order id\"]}}]"}}, {"model": "admin.logentry", "pk": 35, "fields": {"action_time": "2021-01-14T07:00:45.555Z", "user": 1, "content_type": 10, "object_id": "8", "object_repr": "75417607623444", "action_flag": 2, "change_message": "[{\"changed\": {\"fields\": [\"Ordered\", \"Order id\"]}}]"}}, {"model": "admin.logentry", "pk": 36, "fields": {"action_time": "2021-01-14T07:10:19.618Z", "user": 1, "content_type": 10, "object_id": "8", "object_repr": "75417607623444", "action_flag": 2, "change_message": "[{\"changed\": {\"fields\": [\"Ordered\", \"Order id\"]}}]"}}, {"model": "admin.logentry", "pk": 37, "fields": {"action_time": "2021-01-14T07:13:16.243Z", "user": 1, "content_type": 10, "object_id": "8", "object_repr": "75417607623444", "action_flag": 2, "change_message": "[{\"changed\": {\"fields\": [\"Order id\"]}}]"}}, {"model": "admin.logentry", "pk": 38, "fields": {"action_time": "2021-01-14T07:13:22.073Z", "user": 1, "content_type": 10, "object_id": "7", "object_repr": "75417607623333", "action_flag": 2, "change_message": "[{\"changed\": {\"fields\": [\"Order id\"]}}]"}}, {"model": "admin.logentry", "pk": 39, "fields": {"action_time": "2021-01-14T07:13:27.634Z", "user": 1, "content_type": 10, "object_id": "7", "object_repr": "75417607623333", "action_flag": 2, "change_message": "[]"}}, {"model": "admin.logentry", "pk": 40, "fields": {"action_time": "2021-01-14T07:13:39.838Z", "user": 1, "content_type": 10, "object_id": "6", "object_repr": "75417607623222", "action_flag": 2, "change_message": "[{\"changed\": {\"fields\": [\"Order id\"]}}]"}}, {"model": "admin.logentry", "pk": 41, "fields": {"action_time": "2021-01-14T07:13:46.263Z", "user": 1, "content_type": 10, "object_id": "5", "object_repr": "75417607623111", "action_flag": 2, "change_message": "[{\"changed\": {\"fields\": [\"Order id\"]}}]"}}, {"model": "admin.logentry", "pk": 42, "fields": {"action_time": "2021-01-14T07:16:08.283Z", "user": 1, "content_type": 11, "object_id": "25", "object_repr": "11da636a-5b12-48b9-86f2-bf6c4ce59d20", "action_flag": 3, "change_message": ""}}, {"model": "admin.logentry", "pk": 43, "fields": {"action_time": "2021-01-20T03:18:19.536Z", "user": 1, "content_type": 12, "object_id": "1", "object_repr": "Double Cheeseburger", "action_flag": 2, "change_message": "[{\"changed\": {\"fields\": [\"Avatar\"]}}]"}}, {"model": "admin.logentry", "pk": 44, "fields": {"action_time": "2021-01-20T03:20:13.869Z", "user": 1, "content_type": 12, "object_id": "2", "object_repr": "McChicken", "action_flag": 2, "change_message": "[{\"changed\": {\"fields\": [\"Avatar\"]}}]"}}, {"model": "admin.logentry", "pk": 45, "fields": {"action_time": "2021-01-20T03:20:55.990Z", "user": 1, "content_type": 12, "object_id": "6", "object_repr": "Filet-O-Fish", "action_flag": 2, "change_message": "[{\"changed\": {\"fields\": [\"Avatar\"]}}]"}}, {"model": "admin.logentry", "pk": 46, "fields": {"action_time": "2021-01-20T03:21:22.572Z", "user": 1, "content_type": 12, "object_id": "5", "object_repr": "Coca-Cola", "action_flag": 2, "change_message": "[{\"changed\": {\"fields\": [\"Avatar\"]}}]"}}, {"model": "admin.logentry", "pk": 47, "fields": {"action_time": "2021-01-20T06:04:56.101Z", "user": 1, "content_type": 12, "object_id": "7", "object_repr": "MILO", "action_flag": 2, "change_message": "[{\"changed\": {\"fields\": [\"Avatar\"]}}]"}}, {"model": "admin.logentry", "pk": 48, "fields": {"action_time": "2021-01-20T06:07:02.409Z", "user": 1, "content_type": 12, "object_id": "12", "object_repr": "100 Plus", "action_flag": 2, "change_message": "[{\"changed\": {\"fields\": [\"Avatar\"]}}]"}}, {"model": "admin.logentry", "pk": 49, "fields": {"action_time": "2021-01-21T05:14:23.844Z", "user": 1, "content_type": 12, "object_id": "12", "object_repr": "100 Plus", "action_flag": 3, "change_message": ""}}, {"model": "admin.logentry", "pk": 50, "fields": {"action_time": "2021-01-21T05:14:23.929Z", "user": 1, "content_type": 12, "object_id": "7", "object_repr": "MILO", "action_flag": 3, "change_message": ""}}, {"model": "admin.logentry", "pk": 51, "fields": {"action_time": "2021-01-21T05:14:23.996Z", "user": 1, "content_type": 12, "object_id": "6", "object_repr": "Filet-O-Fish", "action_flag": 3, "change_message": ""}}, {"model": "admin.logentry", "pk": 52, "fields": {"action_time": "2021-01-21T05:14:24.060Z", "user": 1, "content_type": 12, "object_id": "5", "object_repr": "Coca-Cola", "action_flag": 3, "change_message": ""}}, {"model": "admin.logentry", "pk": 53, "fields": {"action_time": "2021-01-21T05:14:24.130Z", "user": 1, "content_type": 12, "object_id": "2", "object_repr": "McChicken", "action_flag": 3, "change_message": ""}}, {"model": "admin.logentry", "pk": 54, "fields": {"action_time": "2021-01-21T05:14:24.202Z", "user": 1, "content_type": 12, "object_id": "1", "object_repr": "Double Cheeseburger", "action_flag": 3, "change_message": ""}}, {"model": "admin.logentry", "pk": 55, "fields": {"action_time": "2021-01-21T05:20:12.480Z", "user": 1, "content_type": 14, "object_id": "1", "object_repr": "1", "action_flag": 1, "change_message": "[{\"added\": {}}]"}}, {"model": "admin.logentry", "pk": 56, "fields": {"action_time": "2021-01-21T05:21:16.610Z", "user": 1, "content_type": 12, "object_id": "1", "object_repr": "McChicken", "action_flag": 1, "change_message": "[{\"added\": {}}]"}}, {"model": "admin.logentry", "pk": 57, "fields": {"action_time": "2021-01-21T08:07:08.244Z", "user": 1, "content_type": 12, "object_id": "2", "object_repr": "undefined", "action_flag": 2, "change_message": "[{\"changed\": {\"fields\": [\"Avatar\"]}}]"}}, {"model": "admin.logentry", "pk": 58, "fields": {"action_time": "2021-01-21T09:51:38.896Z", "user": 1, "content_type": 12, "object_id": "3", "object_repr": "undefined", "action_flag": 3, "change_message": ""}}, {"model": "admin.logentry", "pk": 59, "fields": {"action_time": "2021-01-21T09:51:38.983Z", "user": 1, "content_type": 12, "object_id": "2", "object_repr": "undefined", "action_flag": 3, "change_message": ""}}, {"model": "admin.logentry", "pk": 60, "fields": {"action_time": "2021-01-21T10:55:36.261Z", "user": 1, "content_type": 12, "object_id": "13", "object_repr": "test2", "action_flag": 2, "change_message": "[{\"changed\": {\"fields\": [\"Avatar\"]}}]"}}, {"model": "admin.logentry", "pk": 61, "fields": {"action_time": "2021-01-21T11:01:36.340Z", "user": 1, "content_type": 12, "object_id": "13", "object_repr": "test2", "action_flag": 3, "change_message": ""}}, {"model": "admin.logentry", "pk": 62, "fields": {"action_time": "2021-01-21T11:01:36.414Z", "user": 1, "content_type": 12, "object_id": "12", "object_repr": "test2", "action_flag": 3, "change_message": ""}}, {"model": "admin.logentry", "pk": 63, "fields": {"action_time": "2021-01-21T11:01:36.482Z", "user": 1, "content_type": 12, "object_id": "11", "object_repr": "test", "action_flag": 3, "change_message": ""}}, {"model": "admin.logentry", "pk": 64, "fields": {"action_time": "2021-01-21T11:01:36.546Z", "user": 1, "content_type": 12, "object_id": "10", "object_repr": "test", "action_flag": 3, "change_message": ""}}, {"model": "admin.logentry", "pk": 65, "fields": {"action_time": "2021-01-21T11:01:36.618Z", "user": 1, "content_type": 12, "object_id": "9", "object_repr": "From antd", "action_flag": 3, "change_message": ""}}, {"model": "admin.logentry", "pk": 66, "fields": {"action_time": "2021-01-21T11:01:36.695Z", "user": 1, "content_type": 12, "object_id": "8", "object_repr": "From antd", "action_flag": 3, "change_message": ""}}, {"model": "admin.logentry", "pk": 67, "fields": {"action_time": "2021-01-21T11:01:36.767Z", "user": 1, "content_type": 12, "object_id": "1", "object_repr": "McChicken", "action_flag": 3, "change_message": ""}}, {"model": "admin.logentry", "pk": 68, "fields": {"action_time": "2021-01-21T11:01:49.320Z", "user": 1, "content_type": 14, "object_id": "16", "object_repr": "16", "action_flag": 3, "change_message": ""}}, {"model": "admin.logentry", "pk": 69, "fields": {"action_time": "2021-01-21T11:01:49.386Z", "user": 1, "content_type": 14, "object_id": "15", "object_repr": "15", "action_flag": 3, "change_message": ""}}, {"model": "admin.logentry", "pk": 70, "fields": {"action_time": "2021-01-21T11:01:49.456Z", "user": 1, "content_type": 14, "object_id": "14", "object_repr": "14", "action_flag": 3, "change_message": ""}}, {"model": "admin.logentry", "pk": 71, "fields": {"action_time": "2021-01-21T11:01:49.525Z", "user": 1, "content_type": 14, "object_id": "13", "object_repr": "13", "action_flag": 3, "change_message": ""}}, {"model": "admin.logentry", "pk": 72, "fields": {"action_time": "2021-01-21T11:01:49.595Z", "user": 1, "content_type": 14, "object_id": "12", "object_repr": "12", "action_flag": 3, "change_message": ""}}, {"model": "admin.logentry", "pk": 73, "fields": {"action_time": "2021-01-21T11:01:49.662Z", "user": 1, "content_type": 14, "object_id": "11", "object_repr": "11", "action_flag": 3, "change_message": ""}}, {"model": "admin.logentry", "pk": 74, "fields": {"action_time": "2021-01-21T11:01:49.725Z", "user": 1, "content_type": 14, "object_id": "10", "object_repr": "10", "action_flag": 3, "change_message": ""}}, {"model": "admin.logentry", "pk": 75, "fields": {"action_time": "2021-01-21T11:01:49.788Z", "user": 1, "content_type": 14, "object_id": "9", "object_repr": "9", "action_flag": 3, "change_message": ""}}, {"model": "admin.logentry", "pk": 76, "fields": {"action_time": "2021-01-21T11:01:49.850Z", "user": 1, "content_type": 14, "object_id": "8", "object_repr": "8", "action_flag": 3, "change_message": ""}}, {"model": "admin.logentry", "pk": 77, "fields": {"action_time": "2021-01-21T11:01:49.909Z", "user": 1, "content_type": 14, "object_id": "7", "object_repr": "7", "action_flag": 3, "change_message": ""}}, {"model": "admin.logentry", "pk": 78, "fields": {"action_time": "2021-01-21T11:01:49.969Z", "user": 1, "content_type": 14, "object_id": "6", "object_repr": "6", "action_flag": 3, "change_message": ""}}, {"model": "admin.logentry", "pk": 79, "fields": {"action_time": "2021-01-21T11:01:50.034Z", "user": 1, "content_type": 14, "object_id": "5", "object_repr": "5", "action_flag": 3, "change_message": ""}}, {"model": "admin.logentry", "pk": 80, "fields": {"action_time": "2021-01-21T11:01:50.097Z", "user": 1, "content_type": 14, "object_id": "4", "object_repr": "4", "action_flag": 3, "change_message": ""}}, {"model": "admin.logentry", "pk": 81, "fields": {"action_time": "2021-01-21T11:01:50.177Z", "user": 1, "content_type": 14, "object_id": "3", "object_repr": "3", "action_flag": 3, "change_message": ""}}, {"model": "admin.logentry", "pk": 82, "fields": {"action_time": "2021-01-21T11:01:50.241Z", "user": 1, "content_type": 14, "object_id": "2", "object_repr": "2", "action_flag": 3, "change_message": ""}}, {"model": "admin.logentry", "pk": 83, "fields": {"action_time": "2021-01-21T11:01:50.313Z", "user": 1, "content_type": 14, "object_id": "1", "object_repr": "1", "action_flag": 3, "change_message": ""}}, {"model": "admin.logentry", "pk": 84, "fields": {"action_time": "2021-01-21T11:03:32.643Z", "user": 1, "content_type": 12, "object_id": "1", "object_repr": "McChicken", "action_flag": 2, "change_message": "[{\"changed\": {\"fields\": [\"Avatar\", \"Price\"]}}]"}}, {"model": "admin.logentry", "pk": 85, "fields": {"action_time": "2021-01-21T12:15:57.753Z", "user": 1, "content_type": 12, "object_id": "2", "object_repr": "Coca-Cola\u00ae", "action_flag": 2, "change_message": "[{\"changed\": {\"fields\": [\"Avatar\"]}}]"}}, {"model": "admin.logentry", "pk": 86, "fields": {"action_time": "2021-01-21T13:05:52.201Z", "user": 1, "content_type": 14, "object_id": "21", "object_repr": "21", "action_flag": 1, "change_message": "[{\"added\": {}}]"}}, {"model": "admin.logentry", "pk": 87, "fields": {"action_time": "2021-01-22T00:14:55.115Z", "user": 1, "content_type": 12, "object_id": "21", "object_repr": "From antd", "action_flag": 3, "change_message": ""}}, {"model": "admin.logentry", "pk": 88, "fields": {"action_time": "2021-01-22T00:14:55.197Z", "user": 1, "content_type": 12, "object_id": "20", "object_repr": "Double Cheeseburger", "action_flag": 3, "change_message": ""}}, {"model": "admin.logentry", "pk": 89, "fields": {"action_time": "2021-01-22T00:14:55.285Z", "user": 1, "content_type": 12, "object_id": "19", "object_repr": "Double Cheeseburger", "action_flag": 3, "change_message": ""}}, {"model": "admin.logentry", "pk": 90, "fields": {"action_time": "2021-01-22T00:14:55.373Z", "user": 1, "content_type": 12, "object_id": "18", "object_repr": "Double Cheeseburger", "action_flag": 3, "change_message": ""}}, {"model": "admin.logentry", "pk": 91, "fields": {"action_time": "2021-01-22T00:14:55.465Z", "user": 1, "content_type": 12, "object_id": "17", "object_repr": "Double Cheeseburger", "action_flag": 3, "change_message": ""}}, {"model": "admin.logentry", "pk": 92, "fields": {"action_time": "2021-01-22T00:14:55.561Z", "user": 1, "content_type": 12, "object_id": "16", "object_repr": "Double Cheeseburger", "action_flag": 3, "change_message": ""}}, {"model": "admin.logentry", "pk": 93, "fields": {"action_time": "2021-01-22T00:14:55.651Z", "user": 1, "content_type": 12, "object_id": "15", "object_repr": "From antd", "action_flag": 3, "change_message": ""}}, {"model": "admin.logentry", "pk": 94, "fields": {"action_time": "2021-01-22T03:37:08.882Z", "user": 1, "content_type": 12, "object_id": "27", "object_repr": "100 Plus", "action_flag": 2, "change_message": "[{\"changed\": {\"fields\": [\"Cartadded\"]}}]"}}, {"model": "admin.logentry", "pk": 95, "fields": {"action_time": "2021-01-22T03:37:22.142Z", "user": 1, "content_type": 12, "object_id": "26", "object_repr": "Filet-O-Fish\u2122", "action_flag": 2, "change_message": "[{\"changed\": {\"fields\": [\"Cartadded\"]}}]"}}, {"model": "admin.logentry", "pk": 96, "fields": {"action_time": "2021-01-22T03:53:16.187Z", "user": 1, "content_type": 12, "object_id": "27", "object_repr": "100 Plus", "action_flag": 2, "change_message": "[{\"changed\": {\"fields\": [\"Cartadded\"]}}]"}}, {"model": "admin.logentry", "pk": 97, "fields": {"action_time": "2021-01-22T23:51:45.277Z", "user": 1, "content_type": 15, "object_id": "1", "object_repr": "admin", "action_flag": 1, "change_message": "[{\"added\": {}}]"}}, {"model": "admin.logentry", "pk": 98, "fields": {"action_time": "2021-01-23T04:55:05.995Z", "user": 1, "content_type": 15, "object_id": "7", "object_repr": "admin", "action_flag": 3, "change_message": ""}}, {"model": "admin.logentry", "pk": 99, "fields": {"action_time": "2021-01-23T04:55:06.082Z", "user": 1, "content_type": 15, "object_id": "6", "object_repr": "admin", "action_flag": 3, "change_message": ""}}, {"model": "admin.logentry", "pk": 100, "fields": {"action_time": "2021-01-23T04:55:06.170Z", "user": 1, "content_type": 15, "object_id": "5", "object_repr": "admin", "action_flag": 3, "change_message": ""}}, {"model": "admin.logentry", "pk": 101, "fields": {"action_time": "2021-01-23T04:55:06.256Z", "user": 1, "content_type": 15, "object_id": "4", "object_repr": "admin", "action_flag": 3, "change_message": ""}}, {"model": "admin.logentry", "pk": 102, "fields": {"action_time": "2021-01-23T04:55:06.345Z", "user": 1, "content_type": 15, "object_id": "3", "object_repr": "admin", "action_flag": 3, "change_message": ""}}, {"model": "admin.logentry", "pk": 103, "fields": {"action_time": "2021-01-23T04:55:06.425Z", "user": 1, "content_type": 15, "object_id": "2", "object_repr": "admin", "action_flag": 3, "change_message": ""}}, {"model": "admin.logentry", "pk": 104, "fields": {"action_time": "2021-01-23T08:35:46.878Z", "user": 1, "content_type": 15, "object_id": "1", "object_repr": "admin", "action_flag": 3, "change_message": ""}}, {"model": "admin.logentry", "pk": 105, "fields": {"action_time": "2021-01-23T08:41:47.253Z", "user": 1, "content_type": 15, "object_id": "10", "object_repr": "admin", "action_flag": 1, "change_message": "[{\"added\": {}}]"}}, {"model": "admin.logentry", "pk": 106, "fields": {"action_time": "2021-01-23T08:42:26.685Z", "user": 1, "content_type": 15, "object_id": "10", "object_repr": "admin", "action_flag": 3, "change_message": ""}}, {"model": "admin.logentry", "pk": 107, "fields": {"action_time": "2021-01-23T08:42:26.787Z", "user": 1, "content_type": 15, "object_id": "9", "object_repr": "admin", "action_flag": 3, "change_message": ""}}, {"model": "admin.logentry", "pk": 108, "fields": {"action_time": "2021-01-23T08:42:26.906Z", "user": 1, "content_type": 15, "object_id": "8", "object_repr": "admin", "action_flag": 3, "change_message": ""}}, {"model": "admin.logentry", "pk": 109, "fields": {"action_time": "2021-01-23T08:46:33.386Z", "user": 1, "content_type": 15, "object_id": "11", "object_repr": "admin", "action_flag": 3, "change_message": ""}}, {"model": "admin.logentry", "pk": 110, "fields": {"action_time": "2021-01-23T08:53:16.518Z", "user": 1, "content_type": 15, "object_id": "12", "object_repr": "admin", "action_flag": 3, "change_message": ""}}, {"model": "admin.logentry", "pk": 111, "fields": {"action_time": "2021-01-25T08:26:49.743Z", "user": 1, "content_type": 13, "object_id": "1", "object_repr": "not set", "action_flag": 3, "change_message": ""}}, {"model": "admin.logentry", "pk": 112, "fields": {"action_time": "2021-01-25T08:34:35.496Z", "user": 1, "content_type": 13, "object_id": "2", "object_repr": "not set", "action_flag": 3, "change_message": ""}}, {"model": "admin.logentry", "pk": 113, "fields": {"action_time": "2021-01-25T08:37:29.421Z", "user": 1, "content_type": 13, "object_id": "3", "object_repr": "not set", "action_flag": 3, "change_message": ""}}, {"model": "admin.logentry", "pk": 114, "fields": {"action_time": "2021-01-25T09:12:45.488Z", "user": 1, "content_type": 13, "object_id": "7", "object_repr": "not set", "action_flag": 3, "change_message": ""}}, {"model": "admin.logentry", "pk": 115, "fields": {"action_time": "2021-01-25T09:12:45.581Z", "user": 1, "content_type": 13, "object_id": "6", "object_repr": "not set", "action_flag": 3, "change_message": ""}}, {"model": "admin.logentry", "pk": 116, "fields": {"action_time": "2021-01-25T09:12:45.693Z", "user": 1, "content_type": 13, "object_id": "5", "object_repr": "not set", "action_flag": 3, "change_message": ""}}, {"model": "admin.logentry", "pk": 117, "fields": {"action_time": "2021-01-25T09:12:45.774Z", "user": 1, "content_type": 13, "object_id": "4", "object_repr": "not set", "action_flag": 3, "change_message": ""}}, {"model": "admin.logentry", "pk": 118, "fields": {"action_time": "2021-01-25T09:21:25.891Z", "user": 1, "content_type": 13, "object_id": "11", "object_repr": "not set", "action_flag": 3, "change_message": ""}}, {"model": "admin.logentry", "pk": 119, "fields": {"action_time": "2021-01-25T09:21:25.998Z", "user": 1, "content_type": 13, "object_id": "10", "object_repr": "not set", "action_flag": 3, "change_message": ""}}, {"model": "admin.logentry", "pk": 120, "fields": {"action_time": "2021-01-25T09:21:26.096Z", "user": 1, "content_type": 13, "object_id": "9", "object_repr": "not set", "action_flag": 3, "change_message": ""}}, {"model": "admin.logentry", "pk": 121, "fields": {"action_time": "2021-01-25T09:21:26.271Z", "user": 1, "content_type": 13, "object_id": "8", "object_repr": "not set", "action_flag": 3, "change_message": ""}}, {"model": "admin.logentry", "pk": 122, "fields": {"action_time": "2021-01-25T12:58:48.123Z", "user": 1, "content_type": 13, "object_id": "13", "object_repr": "202101251257551627", "action_flag": 3, "change_message": ""}}, {"model": "admin.logentry", "pk": 123, "fields": {"action_time": "2021-01-25T12:59:18.014Z", "user": 1, "content_type": 13, "object_id": "12", "object_repr": "202101250922507806", "action_flag": 3, "change_message": ""}}, {"model": "admin.logentry", "pk": 124, "fields": {"action_time": "2021-01-25T12:59:41.180Z", "user": 1, "content_type": 12, "object_id": "27", "object_repr": "100 Plus", "action_flag": 2, "change_message": "[{\"changed\": {\"fields\": [\"Ordered\"]}}]"}}, {"model": "admin.logentry", "pk": 125, "fields": {"action_time": "2021-01-25T12:59:53.749Z", "user": 1, "content_type": 12, "object_id": "26", "object_repr": "Filet-O-Fish\u2122", "action_flag": 2, "change_message": "[{\"changed\": {\"fields\": [\"Ordered\"]}}]"}}, {"model": "admin.logentry", "pk": 126, "fields": {"action_time": "2021-01-26T05:55:24.541Z", "user": 1, "content_type": 13, "object_id": "25", "object_repr": "202101260554523458", "action_flag": 3, "change_message": ""}}, {"model": "admin.logentry", "pk": 127, "fields": {"action_time": "2021-01-26T05:55:24.623Z", "user": 1, "content_type": 13, "object_id": "24", "object_repr": "202101260554516660", "action_flag": 3, "change_message": ""}}, {"model": "admin.logentry", "pk": 128, "fields": {"action_time": "2021-01-26T05:55:24.696Z", "user": 1, "content_type": 13, "object_id": "23", "object_repr": "202101260554517098", "action_flag": 3, "change_message": ""}}, {"model": "admin.logentry", "pk": 129, "fields": {"action_time": "2021-01-26T05:55:24.780Z", "user": 1, "content_type": 13, "object_id": "22", "object_repr": "202101260554517258", "action_flag": 3, "change_message": ""}}, {"model": "admin.logentry", "pk": 130, "fields": {"action_time": "2021-01-26T05:55:24.850Z", "user": 1, "content_type": 13, "object_id": "21", "object_repr": "202101260554517207", "action_flag": 3, "change_message": ""}}, {"model": "admin.logentry", "pk": 131, "fields": {"action_time": "2021-01-26T05:55:24.920Z", "user": 1, "content_type": 13, "object_id": "20", "object_repr": "202101260554516458", "action_flag": 3, "change_message": ""}}, {"model": "admin.logentry", "pk": 132, "fields": {"action_time": "2021-01-26T05:55:24.999Z", "user": 1, "content_type": 13, "object_id": "19", "object_repr": "202101260554517092", "action_flag": 3, "change_message": ""}}, {"model": "admin.logentry", "pk": 133, "fields": {"action_time": "2021-01-26T05:55:25.072Z", "user": 1, "content_type": 13, "object_id": "18", "object_repr": "202101260554501011", "action_flag": 3, "change_message": ""}}, {"model": "admin.logentry", "pk": 134, "fields": {"action_time": "2021-01-26T05:55:25.180Z", "user": 1, "content_type": 13, "object_id": "17", "object_repr": "202101260554451528", "action_flag": 3, "change_message": ""}}, {"model": "admin.logentry", "pk": 135, "fields": {"action_time": "2021-01-26T05:55:25.258Z", "user": 1, "content_type": 13, "object_id": "16", "object_repr": "202101260548097305", "action_flag": 3, "change_message": ""}}, {"model": "admin.logentry", "pk": 136, "fields": {"action_time": "2021-01-26T05:55:25.355Z", "user": 1, "content_type": 13, "object_id": "15", "object_repr": "202101260344291335", "action_flag": 3, "change_message": ""}}, {"model": "admin.logentry", "pk": 137, "fields": {"action_time": "2021-01-26T05:55:25.440Z", "user": 1, "content_type": 13, "object_id": "14", "object_repr": "202101260343012993", "action_flag": 3, "change_message": ""}}, {"model": "admin.logentry", "pk": 138, "fields": {"action_time": "2021-01-26T05:55:43.032Z", "user": 1, "content_type": 12, "object_id": "27", "object_repr": "100 Plus", "action_flag": 2, "change_message": "[{\"changed\": {\"fields\": [\"Ordered\"]}}]"}}, {"model": "admin.logentry", "pk": 139, "fields": {"action_time": "2021-01-26T05:55:54.177Z", "user": 1, "content_type": 12, "object_id": "26", "object_repr": "Filet-O-Fish\u2122", "action_flag": 2, "change_message": "[{\"changed\": {\"fields\": [\"Ordered\"]}}]"}}, {"model": "admin.logentry", "pk": 140, "fields": {"action_time": "2021-01-26T05:56:05.729Z", "user": 1, "content_type": 12, "object_id": "25", "object_repr": "Double Cheeseburger", "action_flag": 2, "change_message": "[{\"changed\": {\"fields\": [\"Ordered\"]}}]"}}, {"model": "admin.logentry", "pk": 141, "fields": {"action_time": "2021-01-26T05:56:29.097Z", "user": 1, "content_type": 12, "object_id": "2", "object_repr": "Coca-Cola\u00ae", "action_flag": 2, "change_message": "[{\"changed\": {\"fields\": [\"Ordered\"]}}]"}}, {"model": "admin.logentry", "pk": 142, "fields": {"action_time": "2021-01-28T02:28:52.093Z", "user": 1, "content_type": 12, "object_id": "28", "object_repr": "Iced Lemon Tea", "action_flag": 2, "change_message": "update through import_export"}}, {"model": "admin.logentry", "pk": 143, "fields": {"action_time": "2021-01-28T02:28:52.174Z", "user": 1, "content_type": 12, "object_id": "27", "object_repr": "100 Plus", "action_flag": 2, "change_message": "update through import_export"}}, {"model": "admin.logentry", "pk": 144, "fields": {"action_time": "2021-01-28T02:28:52.266Z", "user": 1, "content_type": 12, "object_id": "26", "object_repr": "Filet-O-Fish\u2122", "action_flag": 2, "change_message": "update through import_export"}}, {"model": "admin.logentry", "pk": 145, "fields": {"action_time": "2021-01-28T02:28:52.364Z", "user": 1, "content_type": 12, "object_id": "25", "object_repr": "Double Cheeseburger", "action_flag": 2, "change_message": "update through import_export"}}, {"model": "admin.logentry", "pk": 146, "fields": {"action_time": "2021-01-28T02:28:52.449Z", "user": 1, "content_type": 12, "object_id": "2", "object_repr": "Coca-Cola\u00ae", "action_flag": 2, "change_message": "update through import_export"}}, {"model": "admin.logentry", "pk": 147, "fields": {"action_time": "2021-01-28T02:28:52.539Z", "user": 1, "content_type": 12, "object_id": "1", "object_repr": "McChicken", "action_flag": 2, "change_message": "update through import_export"}}, {"model": "admin.logentry", "pk": 148, "fields": {"action_time": "2021-01-28T02:30:42.320Z", "user": 1, "content_type": 12, "object_id": "28", "object_repr": "Iced Lemon Tea From Excel", "action_flag": 2, "change_message": "update through import_export"}}, {"model": "admin.logentry", "pk": 149, "fields": {"action_time": "2021-01-28T02:30:42.458Z", "user": 1, "content_type": 12, "object_id": "27", "object_repr": "100 Plus", "action_flag": 2, "change_message": "update through import_export"}}, {"model": "admin.logentry", "pk": 150, "fields": {"action_time": "2021-01-28T02:30:42.545Z", "user": 1, "content_type": 12, "object_id": "26", "object_repr": "Filet-O-Fish???", "action_flag": 2, "change_message": "update through import_export"}}, {"model": "admin.logentry", "pk": 151, "fields": {"action_time": "2021-01-28T02:30:42.630Z", "user": 1, "content_type": 12, "object_id": "25", "object_repr": "Double Cheeseburger", "action_flag": 2, "change_message": "update through import_export"}}, {"model": "admin.logentry", "pk": 152, "fields": {"action_time": "2021-01-28T02:30:42.705Z", "user": 1, "content_type": 12, "object_id": "2", "object_repr": "Coca-Cola??", "action_flag": 2, "change_message": "update through import_export"}}, {"model": "admin.logentry", "pk": 153, "fields": {"action_time": "2021-01-28T02:30:42.792Z", "user": 1, "content_type": 12, "object_id": "1", "object_repr": "McChicken", "action_flag": 2, "change_message": "update through import_export"}}, {"model": "admin.logentry", "pk": 154, "fields": {"action_time": "2021-01-28T02:33:20.542Z", "user": 1, "content_type": 12, "object_id": "28", "object_repr": "Iced Lemon Tea", "action_flag": 2, "change_message": "update through import_export"}}, {"model": "admin.logentry", "pk": 155, "fields": {"action_time": "2021-01-28T02:33:20.642Z", "user": 1, "content_type": 12, "object_id": "27", "object_repr": "100 Plus", "action_flag": 2, "change_message": "update through import_export"}}, {"model": "admin.logentry", "pk": 156, "fields": {"action_time": "2021-01-28T02:33:20.721Z", "user": 1, "content_type": 12, "object_id": "26", "object_repr": "Filet-O-Fish", "action_flag": 2, "change_message": "update through import_export"}}, {"model": "admin.logentry", "pk": 157, "fields": {"action_time": "2021-01-28T02:33:20.813Z", "user": 1, "content_type": 12, "object_id": "25", "object_repr": "Double Cheeseburger", "action_flag": 2, "change_message": "update through import_export"}}, {"model": "admin.logentry", "pk": 158, "fields": {"action_time": "2021-01-28T02:33:20.900Z", "user": 1, "content_type": 12, "object_id": "2", "object_repr": "Coca-Cola", "action_flag": 2, "change_message": "update through import_export"}}, {"model": "admin.logentry", "pk": 159, "fields": {"action_time": "2021-01-28T02:33:20.969Z", "user": 1, "content_type": 12, "object_id": "1", "object_repr": "McChicken", "action_flag": 2, "change_message": "update through import_export"}}, {"model": "admin.logentry", "pk": 160, "fields": {"action_time": "2021-01-28T02:54:51.783Z", "user": 1, "content_type": 12, "object_id": "1", "object_repr": "McChicken", "action_flag": 2, "change_message": "update through import_export"}}, {"model": "admin.logentry", "pk": 161, "fields": {"action_time": "2021-01-28T02:54:51.864Z", "user": 1, "content_type": 12, "object_id": "2", "object_repr": "Coca-Cola", "action_flag": 2, "change_message": "update through import_export"}}, {"model": "admin.logentry", "pk": 162, "fields": {"action_time": "2021-01-28T02:54:51.958Z", "user": 1, "content_type": 12, "object_id": "25", "object_repr": "Double Cheeseburger", "action_flag": 2, "change_message": "update through import_export"}}, {"model": "admin.logentry", "pk": 163, "fields": {"action_time": "2021-01-28T02:54:52.052Z", "user": 1, "content_type": 12, "object_id": "26", "object_repr": "Filet-O-Fish", "action_flag": 2, "change_message": "update through import_export"}}, {"model": "admin.logentry", "pk": 164, "fields": {"action_time": "2021-01-28T02:54:52.137Z", "user": 1, "content_type": 12, "object_id": "27", "object_repr": "100 Plus", "action_flag": 2, "change_message": "update through import_export"}}, {"model": "admin.logentry", "pk": 165, "fields": {"action_time": "2021-01-28T02:54:52.255Z", "user": 1, "content_type": 12, "object_id": "28", "object_repr": "Iced Lemon Tea", "action_flag": 2, "change_message": "update through import_export"}}, {"model": "admin.logentry", "pk": 166, "fields": {"action_time": "2021-01-28T02:54:52.339Z", "user": 1, "content_type": 12, "object_id": "29", "object_repr": "2929", "action_flag": 1, "change_message": "new through import_export"}}, {"model": "admin.logentry", "pk": 167, "fields": {"action_time": "2021-01-28T02:54:52.439Z", "user": 1, "content_type": 12, "object_id": "30", "object_repr": "3030", "action_flag": 1, "change_message": "new through import_export"}}, {"model": "admin.logentry", "pk": 168, "fields": {"action_time": "2021-01-28T04:10:02.031Z", "user": 1, "content_type": 12, "object_id": "1", "object_repr": "McChicken", "action_flag": 2, "change_message": "update through import_export"}}, {"model": "admin.logentry", "pk": 169, "fields": {"action_time": "2021-01-28T04:10:02.154Z", "user": 1, "content_type": 12, "object_id": "2", "object_repr": "Coca-Cola", "action_flag": 2, "change_message": "update through import_export"}}, {"model": "admin.logentry", "pk": 170, "fields": {"action_time": "2021-01-28T04:10:02.296Z", "user": 1, "content_type": 12, "object_id": "3", "object_repr": "not set", "action_flag": 1, "change_message": "new through import_export"}}, {"model": "admin.logentry", "pk": 171, "fields": {"action_time": "2021-01-28T04:10:02.405Z", "user": 1, "content_type": 12, "object_id": "4", "object_repr": "not set", "action_flag": 1, "change_message": "new through import_export"}}, {"model": "admin.logentry", "pk": 172, "fields": {"action_time": "2021-01-28T04:10:02.543Z", "user": 1, "content_type": 12, "object_id": "5", "object_repr": "not set", "action_flag": 1, "change_message": "new through import_export"}}, {"model": "admin.logentry", "pk": 173, "fields": {"action_time": "2021-01-28T04:10:02.665Z", "user": 1, "content_type": 12, "object_id": "6", "object_repr": "not set", "action_flag": 1, "change_message": "new through import_export"}}, {"model": "admin.logentry", "pk": 174, "fields": {"action_time": "2021-01-28T04:10:02.752Z", "user": 1, "content_type": 12, "object_id": "7", "object_repr": "not set", "action_flag": 1, "change_message": "new through import_export"}}, {"model": "admin.logentry", "pk": 175, "fields": {"action_time": "2021-01-28T04:10:02.847Z", "user": 1, "content_type": 12, "object_id": "8", "object_repr": "not set", "action_flag": 1, "change_message": "new through import_export"}}, {"model": "admin.logentry", "pk": 176, "fields": {"action_time": "2021-01-28T04:10:02.938Z", "user": 1, "content_type": 12, "object_id": "9", "object_repr": "not set", "action_flag": 1, "change_message": "new through import_export"}}, {"model": "admin.logentry", "pk": 177, "fields": {"action_time": "2021-01-28T04:10:03.024Z", "user": 1, "content_type": 12, "object_id": "10", "object_repr": "not set", "action_flag": 1, "change_message": "new through import_export"}}, {"model": "admin.logentry", "pk": 178, "fields": {"action_time": "2021-01-28T04:10:03.209Z", "user": 1, "content_type": 12, "object_id": "25", "object_repr": "Double Cheeseburger", "action_flag": 2, "change_message": "update through import_export"}}, {"model": "admin.logentry", "pk": 179, "fields": {"action_time": "2021-01-28T04:10:03.305Z", "user": 1, "content_type": 12, "object_id": "26", "object_repr": "Filet-O-Fish", "action_flag": 2, "change_message": "update through import_export"}}, {"model": "admin.logentry", "pk": 180, "fields": {"action_time": "2021-01-28T04:10:03.475Z", "user": 1, "content_type": 12, "object_id": "27", "object_repr": "100 Plus", "action_flag": 2, "change_message": "update through import_export"}}, {"model": "admin.logentry", "pk": 181, "fields": {"action_time": "2021-01-28T04:10:03.622Z", "user": 1, "content_type": 12, "object_id": "28", "object_repr": "Iced Lemon Tea", "action_flag": 2, "change_message": "update through import_export"}}, {"model": "admin.logentry", "pk": 182, "fields": {"action_time": "2021-01-28T04:11:21.296Z", "user": 1, "content_type": 12, "object_id": "1", "object_repr": "McChicken", "action_flag": 2, "change_message": "update through import_export"}}, {"model": "admin.logentry", "pk": 183, "fields": {"action_time": "2021-01-28T04:11:21.408Z", "user": 1, "content_type": 12, "object_id": "2", "object_repr": "Coca-Cola", "action_flag": 2, "change_message": "update through import_export"}}, {"model": "admin.logentry", "pk": 184, "fields": {"action_time": "2021-01-28T04:11:21.509Z", "user": 1, "content_type": 12, "object_id": "3", "object_repr": "Double Cheeseburger", "action_flag": 2, "change_message": "update through import_export"}}, {"model": "admin.logentry", "pk": 185, "fields": {"action_time": "2021-01-28T04:11:21.601Z", "user": 1, "content_type": 12, "object_id": "4", "object_repr": "Filet-O-Fish", "action_flag": 2, "change_message": "update through import_export"}}, {"model": "admin.logentry", "pk": 186, "fields": {"action_time": "2021-01-28T04:11:21.737Z", "user": 1, "content_type": 12, "object_id": "5", "object_repr": "100 Plus", "action_flag": 2, "change_message": "update through import_export"}}, {"model": "admin.logentry", "pk": 187, "fields": {"action_time": "2021-01-28T04:11:21.823Z", "user": 1, "content_type": 12, "object_id": "6", "object_repr": "Iced Lemon Tea", "action_flag": 2, "change_message": "update through import_export"}}, {"model": "admin.logentry", "pk": 188, "fields": {"action_time": "2021-01-28T04:11:21.918Z", "user": 1, "content_type": 12, "object_id": "7", "object_repr": "not set", "action_flag": 2, "change_message": "update through import_export"}}, {"model": "admin.logentry", "pk": 189, "fields": {"action_time": "2021-01-28T04:11:22.018Z", "user": 1, "content_type": 12, "object_id": "8", "object_repr": "not set", "action_flag": 2, "change_message": "update through import_export"}}, {"model": "admin.logentry", "pk": 190, "fields": {"action_time": "2021-01-28T04:11:22.109Z", "user": 1, "content_type": 12, "object_id": "9", "object_repr": "not set", "action_flag": 2, "change_message": "update through import_export"}}, {"model": "admin.logentry", "pk": 191, "fields": {"action_time": "2021-01-28T04:11:22.187Z", "user": 1, "content_type": 12, "object_id": "10", "object_repr": "not set", "action_flag": 2, "change_message": "update through import_export"}}, {"model": "admin.logentry", "pk": 192, "fields": {"action_time": "2021-01-28T04:11:22.259Z", "user": 1, "content_type": 12, "object_id": "25", "object_repr": "Double Cheeseburger", "action_flag": 2, "change_message": "update through import_export"}}, {"model": "admin.logentry", "pk": 193, "fields": {"action_time": "2021-01-28T04:11:22.339Z", "user": 1, "content_type": 12, "object_id": "26", "object_repr": "Filet-O-Fish", "action_flag": 2, "change_message": "update through import_export"}}, {"model": "admin.logentry", "pk": 194, "fields": {"action_time": "2021-01-28T04:11:22.411Z", "user": 1, "content_type": 12, "object_id": "27", "object_repr": "100 Plus", "action_flag": 2, "change_message": "update through import_export"}}, {"model": "admin.logentry", "pk": 195, "fields": {"action_time": "2021-01-28T04:11:22.480Z", "user": 1, "content_type": 12, "object_id": "28", "object_repr": "Iced Lemon Tea", "action_flag": 2, "change_message": "update through import_export"}}, {"model": "admin.logentry", "pk": 196, "fields": {"action_time": "2021-01-28T04:12:31.814Z", "user": 1, "content_type": 12, "object_id": "1", "object_repr": "McChicken", "action_flag": 2, "change_message": "update through import_export"}}, {"model": "admin.logentry", "pk": 197, "fields": {"action_time": "2021-01-28T04:12:31.894Z", "user": 1, "content_type": 12, "object_id": "2", "object_repr": "Coca-Cola", "action_flag": 2, "change_message": "update through import_export"}}, {"model": "admin.logentry", "pk": 198, "fields": {"action_time": "2021-01-28T04:12:31.977Z", "user": 1, "content_type": 12, "object_id": "3", "object_repr": "Double Cheeseburger", "action_flag": 2, "change_message": "update through import_export"}}, {"model": "admin.logentry", "pk": 199, "fields": {"action_time": "2021-01-28T04:12:32.054Z", "user": 1, "content_type": 12, "object_id": "4", "object_repr": "Filet-O-Fish", "action_flag": 2, "change_message": "update through import_export"}}, {"model": "admin.logentry", "pk": 200, "fields": {"action_time": "2021-01-28T04:12:32.127Z", "user": 1, "content_type": 12, "object_id": "5", "object_repr": "100 Plus", "action_flag": 2, "change_message": "update through import_export"}}, {"model": "admin.logentry", "pk": 201, "fields": {"action_time": "2021-01-28T04:12:32.200Z", "user": 1, "content_type": 12, "object_id": "6", "object_repr": "Iced Lemon Tea", "action_flag": 2, "change_message": "update through import_export"}}, {"model": "admin.logentry", "pk": 202, "fields": {"action_time": "2021-01-28T04:12:32.304Z", "user": 1, "content_type": 12, "object_id": "7", "object_repr": "not set", "action_flag": 2, "change_message": "update through import_export"}}, {"model": "admin.logentry", "pk": 203, "fields": {"action_time": "2021-01-28T04:12:32.391Z", "user": 1, "content_type": 12, "object_id": "8", "object_repr": "not set", "action_flag": 2, "change_message": "update through import_export"}}, {"model": "admin.logentry", "pk": 204, "fields": {"action_time": "2021-01-28T04:12:32.469Z", "user": 1, "content_type": 12, "object_id": "9", "object_repr": "not set", "action_flag": 2, "change_message": "update through import_export"}}, {"model": "admin.logentry", "pk": 205, "fields": {"action_time": "2021-01-28T04:12:32.554Z", "user": 1, "content_type": 12, "object_id": "10", "object_repr": "not set", "action_flag": 2, "change_message": "update through import_export"}}, {"model": "admin.logentry", "pk": 206, "fields": {"action_time": "2021-01-28T04:12:32.651Z", "user": 1, "content_type": 12, "object_id": "31", "object_repr": "not set", "action_flag": 1, "change_message": "new through import_export"}}, {"model": "admin.logentry", "pk": 207, "fields": {"action_time": "2021-01-28T04:12:32.752Z", "user": 1, "content_type": 12, "object_id": "32", "object_repr": "not set", "action_flag": 1, "change_message": "new through import_export"}}, {"model": "admin.logentry", "pk": 208, "fields": {"action_time": "2021-01-28T04:12:32.860Z", "user": 1, "content_type": 12, "object_id": "33", "object_repr": "not set", "action_flag": 1, "change_message": "new through import_export"}}, {"model": "admin.logentry", "pk": 209, "fields": {"action_time": "2021-01-28T04:12:33.022Z", "user": 1, "content_type": 12, "object_id": "34", "object_repr": "not set", "action_flag": 1, "change_message": "new through import_export"}}, {"model": "admin.logentry", "pk": 210, "fields": {"action_time": "2021-01-28T04:12:56.669Z", "user": 1, "content_type": 12, "object_id": "25", "object_repr": "Double Cheeseburger", "action_flag": 3, "change_message": ""}}, {"model": "admin.logentry", "pk": 211, "fields": {"action_time": "2021-01-28T04:12:56.758Z", "user": 1, "content_type": 12, "object_id": "26", "object_repr": "Filet-O-Fish", "action_flag": 3, "change_message": ""}}, {"model": "admin.logentry", "pk": 212, "fields": {"action_time": "2021-01-28T04:12:56.841Z", "user": 1, "content_type": 12, "object_id": "27", "object_repr": "100 Plus", "action_flag": 3, "change_message": ""}}, {"model": "admin.logentry", "pk": 213, "fields": {"action_time": "2021-01-28T04:12:56.913Z", "user": 1, "content_type": 12, "object_id": "28", "object_repr": "Iced Lemon Tea", "action_flag": 3, "change_message": ""}}, {"model": "admin.logentry", "pk": 214, "fields": {"action_time": "2021-01-28T04:12:56.988Z", "user": 1, "content_type": 12, "object_id": "29", "object_repr": "2929", "action_flag": 3, "change_message": ""}}, {"model": "admin.logentry", "pk": 215, "fields": {"action_time": "2021-01-28T04:12:57.089Z", "user": 1, "content_type": 12, "object_id": "30", "object_repr": "3030", "action_flag": 3, "change_message": ""}}, {"model": "admin.logentry", "pk": 216, "fields": {"action_time": "2021-01-28T04:12:57.186Z", "user": 1, "content_type": 12, "object_id": "31", "object_repr": "not set", "action_flag": 3, "change_message": ""}}, {"model": "admin.logentry", "pk": 217, "fields": {"action_time": "2021-01-28T04:12:57.271Z", "user": 1, "content_type": 12, "object_id": "32", "object_repr": "not set", "action_flag": 3, "change_message": ""}}, {"model": "admin.logentry", "pk": 218, "fields": {"action_time": "2021-01-28T04:12:57.358Z", "user": 1, "content_type": 12, "object_id": "33", "object_repr": "not set", "action_flag": 3, "change_message": ""}}, {"model": "admin.logentry", "pk": 219, "fields": {"action_time": "2021-01-28T04:12:57.445Z", "user": 1, "content_type": 12, "object_id": "34", "object_repr": "not set", "action_flag": 3, "change_message": ""}}, {"model": "admin.logentry", "pk": 220, "fields": {"action_time": "2021-01-28T04:16:51.592Z", "user": 1, "content_type": 12, "object_id": "1", "object_repr": "McChicken", "action_flag": 2, "change_message": "update through import_export"}}, {"model": "admin.logentry", "pk": 221, "fields": {"action_time": "2021-01-28T04:16:51.692Z", "user": 1, "content_type": 12, "object_id": "2", "object_repr": "Coca-Cola", "action_flag": 2, "change_message": "update through import_export"}}, {"model": "admin.logentry", "pk": 222, "fields": {"action_time": "2021-01-28T04:16:51.787Z", "user": 1, "content_type": 12, "object_id": "3", "object_repr": "Double Cheeseburger", "action_flag": 2, "change_message": "update through import_export"}}, {"model": "admin.logentry", "pk": 223, "fields": {"action_time": "2021-01-28T04:16:51.897Z", "user": 1, "content_type": 12, "object_id": "4", "object_repr": "Filet-O-Fish", "action_flag": 2, "change_message": "update through import_export"}}, {"model": "admin.logentry", "pk": 224, "fields": {"action_time": "2021-01-28T04:16:52.001Z", "user": 1, "content_type": 12, "object_id": "5", "object_repr": "100 Plus", "action_flag": 2, "change_message": "update through import_export"}}, {"model": "admin.logentry", "pk": 225, "fields": {"action_time": "2021-01-28T04:16:52.091Z", "user": 1, "content_type": 12, "object_id": "6", "object_repr": "Iced Lemon Tea", "action_flag": 2, "change_message": "update through import_export"}}, {"model": "admin.logentry", "pk": 226, "fields": {"action_time": "2021-01-28T04:16:52.190Z", "user": 1, "content_type": 12, "object_id": "7", "object_repr": "not set", "action_flag": 2, "change_message": "update through import_export"}}, {"model": "admin.logentry", "pk": 227, "fields": {"action_time": "2021-01-28T04:16:52.296Z", "user": 1, "content_type": 12, "object_id": "8", "object_repr": "not set", "action_flag": 2, "change_message": "update through import_export"}}, {"model": "admin.logentry", "pk": 228, "fields": {"action_time": "2021-01-28T04:16:52.401Z", "user": 1, "content_type": 12, "object_id": "9", "object_repr": "not set", "action_flag": 2, "change_message": "update through import_export"}}, {"model": "admin.logentry", "pk": 229, "fields": {"action_time": "2021-01-28T04:16:52.513Z", "user": 1, "content_type": 12, "object_id": "10", "object_repr": "not set", "action_flag": 2, "change_message": "update through import_export"}}, {"model": "admin.logentry", "pk": 230, "fields": {"action_time": "2021-01-29T06:43:08.172Z", "user": 1, "content_type": 17, "object_id": "1", "object_repr": "id: 1", "action_flag": 1, "change_message": "[{\"added\": {}}]"}}, {"model": "admin.logentry", "pk": 231, "fields": {"action_time": "2021-01-29T06:43:27.256Z", "user": 1, "content_type": 17, "object_id": "2", "object_repr": "id: 2", "action_flag": 1, "change_message": "[{\"added\": {}}]"}}, {"model": "admin.logentry", "pk": 232, "fields": {"action_time": "2021-01-29T06:46:38.747Z", "user": 1, "content_type": 17, "object_id": "1", "object_repr": "id: 1", "action_flag": 2, "change_message": "update through import_export"}}, {"model": "admin.logentry", "pk": 233, "fields": {"action_time": "2021-01-29T06:46:38.829Z", "user": 1, "content_type": 17, "object_id": "2", "object_repr": "id: 2", "action_flag": 2, "change_message": "update through import_export"}}, {"model": "admin.logentry", "pk": 234, "fields": {"action_time": "2021-01-29T06:46:38.928Z", "user": 1, "content_type": 17, "object_id": "3", "object_repr": "id: 3", "action_flag": 1, "change_message": "new through import_export"}}, {"model": "admin.logentry", "pk": 235, "fields": {"action_time": "2021-01-29T06:46:39.018Z", "user": 1, "content_type": 17, "object_id": "4", "object_repr": "id: 4", "action_flag": 1, "change_message": "new through import_export"}}, {"model": "admin.logentry", "pk": 236, "fields": {"action_time": "2021-01-29T06:46:39.110Z", "user": 1, "content_type": 17, "object_id": "5", "object_repr": "id: 5", "action_flag": 1, "change_message": "new through import_export"}}, {"model": "admin.logentry", "pk": 237, "fields": {"action_time": "2021-01-29T06:46:39.217Z", "user": 1, "content_type": 17, "object_id": "6", "object_repr": "id: 6", "action_flag": 1, "change_message": "new through import_export"}}, {"model": "admin.logentry", "pk": 238, "fields": {"action_time": "2021-01-29T06:46:39.287Z", "user": 1, "content_type": 17, "object_id": "7", "object_repr": "id: 7", "action_flag": 1, "change_message": "new through import_export"}}, {"model": "admin.logentry", "pk": 239, "fields": {"action_time": "2021-01-29T06:46:39.358Z", "user": 1, "content_type": 17, "object_id": "8", "object_repr": "id: 8", "action_flag": 1, "change_message": "new through import_export"}}, {"model": "admin.logentry", "pk": 240, "fields": {"action_time": "2021-01-29T06:46:39.438Z", "user": 1, "content_type": 17, "object_id": "9", "object_repr": "id: 9", "action_flag": 1, "change_message": "new through import_export"}}, {"model": "admin.logentry", "pk": 241, "fields": {"action_time": "2021-01-29T06:46:39.531Z", "user": 1, "content_type": 17, "object_id": "10", "object_repr": "id: 10", "action_flag": 1, "change_message": "new through import_export"}}, {"model": "admin.logentry", "pk": 242, "fields": {"action_time": "2021-01-29T06:46:39.651Z", "user": 1, "content_type": 17, "object_id": "11", "object_repr": "id: 11", "action_flag": 1, "change_message": "new through import_export"}}, {"model": "admin.logentry", "pk": 243, "fields": {"action_time": "2021-01-29T06:46:39.724Z", "user": 1, "content_type": 17, "object_id": "12", "object_repr": "id: 12", "action_flag": 1, "change_message": "new through import_export"}}, {"model": "admin.logentry", "pk": 244, "fields": {"action_time": "2021-01-29T06:47:12.876Z", "user": 1, "content_type": 18, "object_id": "1", "object_repr": "id: 1", "action_flag": 1, "change_message": "[{\"added\": {}}]"}}, {"model": "admin.logentry", "pk": 245, "fields": {"action_time": "2021-01-29T07:14:19.034Z", "user": 1, "content_type": 18, "object_id": "1", "object_repr": "id: 1", "action_flag": 3, "change_message": ""}}, {"model": "admin.logentry", "pk": 246, "fields": {"action_time": "2021-01-29T07:14:49.907Z", "user": 1, "content_type": 17, "object_id": "1", "object_repr": "id: 1", "action_flag": 3, "change_message": ""}}, {"model": "admin.logentry", "pk": 247, "fields": {"action_time": "2021-01-29T07:14:49.992Z", "user": 1, "content_type": 17, "object_id": "2", "object_repr": "id: 2", "action_flag": 3, "change_message": ""}}, {"model": "admin.logentry", "pk": 248, "fields": {"action_time": "2021-01-29T07:14:50.098Z", "user": 1, "content_type": 17, "object_id": "3", "object_repr": "id: 3", "action_flag": 3, "change_message": ""}}, {"model": "admin.logentry", "pk": 249, "fields": {"action_time": "2021-01-29T07:14:50.181Z", "user": 1, "content_type": 17, "object_id": "4", "object_repr": "id: 4", "action_flag": 3, "change_message": ""}}, {"model": "admin.logentry", "pk": 250, "fields": {"action_time": "2021-01-29T07:14:50.265Z", "user": 1, "content_type": 17, "object_id": "5", "object_repr": "id: 5", "action_flag": 3, "change_message": ""}}, {"model": "admin.logentry", "pk": 251, "fields": {"action_time": "2021-01-29T07:14:50.417Z", "user": 1, "content_type": 17, "object_id": "6", "object_repr": "id: 6", "action_flag": 3, "change_message": ""}}, {"model": "admin.logentry", "pk": 252, "fields": {"action_time": "2021-01-29T07:14:50.501Z", "user": 1, "content_type": 17, "object_id": "7", "object_repr": "id: 7", "action_flag": 3, "change_message": ""}}, {"model": "admin.logentry", "pk": 253, "fields": {"action_time": "2021-01-29T07:14:50.569Z", "user": 1, "content_type": 17, "object_id": "8", "object_repr": "id: 8", "action_flag": 3, "change_message": ""}}, {"model": "admin.logentry", "pk": 254, "fields": {"action_time": "2021-01-29T07:14:50.650Z", "user": 1, "content_type": 17, "object_id": "9", "object_repr": "id: 9", "action_flag": 3, "change_message": ""}}, {"model": "admin.logentry", "pk": 255, "fields": {"action_time": "2021-01-29T07:14:50.728Z", "user": 1, "content_type": 17, "object_id": "10", "object_repr": "id: 10", "action_flag": 3, "change_message": ""}}, {"model": "admin.logentry", "pk": 256, "fields": {"action_time": "2021-01-29T07:14:50.797Z", "user": 1, "content_type": 17, "object_id": "11", "object_repr": "id: 11", "action_flag": 3, "change_message": ""}}, {"model": "admin.logentry", "pk": 257, "fields": {"action_time": "2021-01-29T07:14:50.874Z", "user": 1, "content_type": 17, "object_id": "12", "object_repr": "id: 12", "action_flag": 3, "change_message": ""}}, {"model": "admin.logentry", "pk": 258, "fields": {"action_time": "2021-01-29T07:21:37.378Z", "user": 1, "content_type": 17, "object_id": "1", "object_repr": "id: 1", "action_flag": 1, "change_message": "new through import_export"}}, {"model": "admin.logentry", "pk": 259, "fields": {"action_time": "2021-01-29T07:21:37.450Z", "user": 1, "content_type": 17, "object_id": "2", "object_repr": "id: 2", "action_flag": 1, "change_message": "new through import_export"}}, {"model": "admin.logentry", "pk": 260, "fields": {"action_time": "2021-01-29T07:21:37.530Z", "user": 1, "content_type": 17, "object_id": "3", "object_repr": "id: 3", "action_flag": 1, "change_message": "new through import_export"}}, {"model": "admin.logentry", "pk": 261, "fields": {"action_time": "2021-01-29T07:21:37.606Z", "user": 1, "content_type": 17, "object_id": "4", "object_repr": "id: 4", "action_flag": 1, "change_message": "new through import_export"}}, {"model": "admin.logentry", "pk": 262, "fields": {"action_time": "2021-01-29T07:21:37.699Z", "user": 1, "content_type": 17, "object_id": "5", "object_repr": "id: 5", "action_flag": 1, "change_message": "new through import_export"}}, {"model": "admin.logentry", "pk": 263, "fields": {"action_time": "2021-01-29T07:21:37.781Z", "user": 1, "content_type": 17, "object_id": "6", "object_repr": "id: 6", "action_flag": 1, "change_message": "new through import_export"}}, {"model": "admin.logentry", "pk": 264, "fields": {"action_time": "2021-01-29T07:21:37.850Z", "user": 1, "content_type": 17, "object_id": "7", "object_repr": "id: 7", "action_flag": 1, "change_message": "new through import_export"}}, {"model": "admin.logentry", "pk": 265, "fields": {"action_time": "2021-01-29T07:21:37.950Z", "user": 1, "content_type": 17, "object_id": "8", "object_repr": "id: 8", "action_flag": 1, "change_message": "new through import_export"}}, {"model": "admin.logentry", "pk": 266, "fields": {"action_time": "2021-01-29T07:21:38.051Z", "user": 1, "content_type": 17, "object_id": "9", "object_repr": "id: 9", "action_flag": 1, "change_message": "new through import_export"}}, {"model": "admin.logentry", "pk": 267, "fields": {"action_time": "2021-01-29T07:21:38.135Z", "user": 1, "content_type": 17, "object_id": "10", "object_repr": "id: 10", "action_flag": 1, "change_message": "new through import_export"}}, {"model": "admin.logentry", "pk": 268, "fields": {"action_time": "2021-01-29T07:21:38.218Z", "user": 1, "content_type": 17, "object_id": "11", "object_repr": "id: 11", "action_flag": 1, "change_message": "new through import_export"}}, {"model": "admin.logentry", "pk": 269, "fields": {"action_time": "2021-01-29T07:21:38.308Z", "user": 1, "content_type": 17, "object_id": "12", "object_repr": "id: 12", "action_flag": 1, "change_message": "new through import_export"}}, {"model": "admin.logentry", "pk": 270, "fields": {"action_time": "2021-01-29T07:21:57.221Z", "user": 1, "content_type": 18, "object_id": "2", "object_repr": "id: 2", "action_flag": 1, "change_message": "[{\"added\": {}}]"}}, {"model": "admin.logentry", "pk": 271, "fields": {"action_time": "2021-01-29T07:26:45.935Z", "user": 1, "content_type": 19, "object_id": "1", "object_repr": "id: 1", "action_flag": 1, "change_message": "[{\"added\": {}}]"}}, {"model": "admin.logentry", "pk": 272, "fields": {"action_time": "2021-01-29T07:31:03.047Z", "user": 1, "content_type": 17, "object_id": "1", "object_repr": "id: 1", "action_flag": 2, "change_message": "update through import_export"}}, {"model": "admin.logentry", "pk": 273, "fields": {"action_time": "2021-01-29T07:31:03.197Z", "user": 1, "content_type": 17, "object_id": "2", "object_repr": "id: 2", "action_flag": 2, "change_message": "update through import_export"}}, {"model": "admin.logentry", "pk": 274, "fields": {"action_time": "2021-01-29T07:31:03.290Z", "user": 1, "content_type": 17, "object_id": "3", "object_repr": "id: 3", "action_flag": 2, "change_message": "update through import_export"}}, {"model": "admin.logentry", "pk": 275, "fields": {"action_time": "2021-01-29T07:31:03.369Z", "user": 1, "content_type": 17, "object_id": "4", "object_repr": "id: 4", "action_flag": 2, "change_message": "update through import_export"}}, {"model": "admin.logentry", "pk": 276, "fields": {"action_time": "2021-01-29T07:31:03.466Z", "user": 1, "content_type": 17, "object_id": "5", "object_repr": "id: 5", "action_flag": 2, "change_message": "update through import_export"}}, {"model": "admin.logentry", "pk": 277, "fields": {"action_time": "2021-01-29T07:31:03.546Z", "user": 1, "content_type": 17, "object_id": "6", "object_repr": "id: 6", "action_flag": 2, "change_message": "update through import_export"}}, {"model": "admin.logentry", "pk": 278, "fields": {"action_time": "2021-01-29T07:31:03.646Z", "user": 1, "content_type": 17, "object_id": "7", "object_repr": "id: 7", "action_flag": 2, "change_message": "update through import_export"}}, {"model": "admin.logentry", "pk": 279, "fields": {"action_time": "2021-01-29T07:31:03.731Z", "user": 1, "content_type": 17, "object_id": "8", "object_repr": "id: 8", "action_flag": 2, "change_message": "update through import_export"}}, {"model": "admin.logentry", "pk": 280, "fields": {"action_time": "2021-01-29T07:31:03.796Z", "user": 1, "content_type": 17, "object_id": "9", "object_repr": "id: 9", "action_flag": 2, "change_message": "update through import_export"}}, {"model": "admin.logentry", "pk": 281, "fields": {"action_time": "2021-01-29T07:31:03.875Z", "user": 1, "content_type": 17, "object_id": "10", "object_repr": "id: 10", "action_flag": 2, "change_message": "update through import_export"}}, {"model": "admin.logentry", "pk": 282, "fields": {"action_time": "2021-01-29T07:31:03.958Z", "user": 1, "content_type": 17, "object_id": "11", "object_repr": "id: 11", "action_flag": 2, "change_message": "update through import_export"}}, {"model": "admin.logentry", "pk": 283, "fields": {"action_time": "2021-01-29T07:31:04.043Z", "user": 1, "content_type": 17, "object_id": "12", "object_repr": "id: 12", "action_flag": 2, "change_message": "update through import_export"}}, {"model": "admin.logentry", "pk": 284, "fields": {"action_time": "2021-01-29T07:32:09.651Z", "user": 1, "content_type": 17, "object_id": "1", "object_repr": "id: 1", "action_flag": 2, "change_message": "update through import_export"}}, {"model": "admin.logentry", "pk": 285, "fields": {"action_time": "2021-01-29T07:32:09.819Z", "user": 1, "content_type": 17, "object_id": "2", "object_repr": "id: 2", "action_flag": 2, "change_message": "update through import_export"}}, {"model": "admin.logentry", "pk": 286, "fields": {"action_time": "2021-01-29T07:32:09.938Z", "user": 1, "content_type": 17, "object_id": "3", "object_repr": "id: 3", "action_flag": 2, "change_message": "update through import_export"}}, {"model": "admin.logentry", "pk": 287, "fields": {"action_time": "2021-01-29T07:32:10.060Z", "user": 1, "content_type": 17, "object_id": "4", "object_repr": "id: 4", "action_flag": 2, "change_message": "update through import_export"}}, {"model": "admin.logentry", "pk": 288, "fields": {"action_time": "2021-01-29T07:32:10.180Z", "user": 1, "content_type": 17, "object_id": "5", "object_repr": "id: 5", "action_flag": 2, "change_message": "update through import_export"}}, {"model": "admin.logentry", "pk": 289, "fields": {"action_time": "2021-01-29T07:32:10.320Z", "user": 1, "content_type": 17, "object_id": "6", "object_repr": "id: 6", "action_flag": 2, "change_message": "update through import_export"}}, {"model": "admin.logentry", "pk": 290, "fields": {"action_time": "2021-01-29T07:32:10.453Z", "user": 1, "content_type": 17, "object_id": "7", "object_repr": "id: 7", "action_flag": 2, "change_message": "update through import_export"}}, {"model": "admin.logentry", "pk": 291, "fields": {"action_time": "2021-01-29T07:32:10.637Z", "user": 1, "content_type": 17, "object_id": "8", "object_repr": "id: 8", "action_flag": 2, "change_message": "update through import_export"}}, {"model": "admin.logentry", "pk": 292, "fields": {"action_time": "2021-01-29T07:32:10.812Z", "user": 1, "content_type": 17, "object_id": "9", "object_repr": "id: 9", "action_flag": 2, "change_message": "update through import_export"}}, {"model": "admin.logentry", "pk": 293, "fields": {"action_time": "2021-01-29T07:32:10.958Z", "user": 1, "content_type": 17, "object_id": "10", "object_repr": "id: 10", "action_flag": 2, "change_message": "update through import_export"}}, {"model": "admin.logentry", "pk": 294, "fields": {"action_time": "2021-01-29T07:32:11.069Z", "user": 1, "content_type": 17, "object_id": "11", "object_repr": "id: 11", "action_flag": 2, "change_message": "update through import_export"}}, {"model": "admin.logentry", "pk": 295, "fields": {"action_time": "2021-01-29T07:32:11.208Z", "user": 1, "content_type": 17, "object_id": "12", "object_repr": "id: 12", "action_flag": 2, "change_message": "update through import_export"}}, {"model": "admin.logentry", "pk": 296, "fields": {"action_time": "2021-01-29T07:33:59.453Z", "user": 1, "content_type": 17, "object_id": "1", "object_repr": "id: 1", "action_flag": 2, "change_message": "update through import_export"}}, {"model": "admin.logentry", "pk": 297, "fields": {"action_time": "2021-01-29T07:33:59.569Z", "user": 1, "content_type": 17, "object_id": "2", "object_repr": "id: 2", "action_flag": 2, "change_message": "update through import_export"}}, {"model": "admin.logentry", "pk": 298, "fields": {"action_time": "2021-01-29T07:33:59.699Z", "user": 1, "content_type": 17, "object_id": "3", "object_repr": "id: 3", "action_flag": 2, "change_message": "update through import_export"}}, {"model": "admin.logentry", "pk": 299, "fields": {"action_time": "2021-01-29T07:33:59.815Z", "user": 1, "content_type": 17, "object_id": "4", "object_repr": "id: 4", "action_flag": 2, "change_message": "update through import_export"}}, {"model": "admin.logentry", "pk": 300, "fields": {"action_time": "2021-01-29T07:33:59.964Z", "user": 1, "content_type": 17, "object_id": "5", "object_repr": "id: 5", "action_flag": 2, "change_message": "update through import_export"}}, {"model": "admin.logentry", "pk": 301, "fields": {"action_time": "2021-01-29T07:34:00.072Z", "user": 1, "content_type": 17, "object_id": "6", "object_repr": "id: 6", "action_flag": 2, "change_message": "update through import_export"}}, {"model": "admin.logentry", "pk": 302, "fields": {"action_time": "2021-01-29T07:34:00.175Z", "user": 1, "content_type": 17, "object_id": "7", "object_repr": "id: 7", "action_flag": 2, "change_message": "update through import_export"}}, {"model": "admin.logentry", "pk": 303, "fields": {"action_time": "2021-01-29T07:34:00.307Z", "user": 1, "content_type": 17, "object_id": "8", "object_repr": "id: 8", "action_flag": 2, "change_message": "update through import_export"}}, {"model": "admin.logentry", "pk": 304, "fields": {"action_time": "2021-01-29T07:34:00.476Z", "user": 1, "content_type": 17, "object_id": "9", "object_repr": "id: 9", "action_flag": 2, "change_message": "update through import_export"}}, {"model": "admin.logentry", "pk": 305, "fields": {"action_time": "2021-01-29T07:34:00.599Z", "user": 1, "content_type": 17, "object_id": "10", "object_repr": "id: 10", "action_flag": 2, "change_message": "update through import_export"}}, {"model": "admin.logentry", "pk": 306, "fields": {"action_time": "2021-01-29T07:34:00.719Z", "user": 1, "content_type": 17, "object_id": "11", "object_repr": "id: 11", "action_flag": 2, "change_message": "update through import_export"}}, {"model": "admin.logentry", "pk": 307, "fields": {"action_time": "2021-01-29T07:34:00.879Z", "user": 1, "content_type": 17, "object_id": "12", "object_repr": "id: 12", "action_flag": 2, "change_message": "update through import_export"}}, {"model": "admin.logentry", "pk": 308, "fields": {"action_time": "2021-01-29T08:33:06.820Z", "user": 1, "content_type": 17, "object_id": "1", "object_repr": "id: 1", "action_flag": 2, "change_message": "update through import_export"}}, {"model": "admin.logentry", "pk": 309, "fields": {"action_time": "2021-01-29T08:33:06.909Z", "user": 1, "content_type": 17, "object_id": "2", "object_repr": "id: 2", "action_flag": 2, "change_message": "update through import_export"}}, {"model": "admin.logentry", "pk": 310, "fields": {"action_time": "2021-01-29T08:33:07.021Z", "user": 1, "content_type": 17, "object_id": "3", "object_repr": "id: 3", "action_flag": 2, "change_message": "update through import_export"}}, {"model": "admin.logentry", "pk": 311, "fields": {"action_time": "2021-01-29T08:33:07.126Z", "user": 1, "content_type": 17, "object_id": "4", "object_repr": "id: 4", "action_flag": 2, "change_message": "update through import_export"}}, {"model": "admin.logentry", "pk": 312, "fields": {"action_time": "2021-01-29T08:33:07.220Z", "user": 1, "content_type": 17, "object_id": "5", "object_repr": "id: 5", "action_flag": 2, "change_message": "update through import_export"}}, {"model": "admin.logentry", "pk": 313, "fields": {"action_time": "2021-01-29T08:33:07.298Z", "user": 1, "content_type": 17, "object_id": "6", "object_repr": "id: 6", "action_flag": 2, "change_message": "update through import_export"}}, {"model": "admin.logentry", "pk": 314, "fields": {"action_time": "2021-01-29T08:33:07.400Z", "user": 1, "content_type": 17, "object_id": "7", "object_repr": "id: 7", "action_flag": 2, "change_message": "update through import_export"}}, {"model": "admin.logentry", "pk": 315, "fields": {"action_time": "2021-01-29T08:33:07.485Z", "user": 1, "content_type": 17, "object_id": "8", "object_repr": "id: 8", "action_flag": 2, "change_message": "update through import_export"}}, {"model": "admin.logentry", "pk": 316, "fields": {"action_time": "2021-01-29T08:33:07.592Z", "user": 1, "content_type": 17, "object_id": "9", "object_repr": "id: 9", "action_flag": 2, "change_message": "update through import_export"}}, {"model": "admin.logentry", "pk": 317, "fields": {"action_time": "2021-01-29T08:33:07.689Z", "user": 1, "content_type": 17, "object_id": "10", "object_repr": "id: 10", "action_flag": 2, "change_message": "update through import_export"}}, {"model": "admin.logentry", "pk": 318, "fields": {"action_time": "2021-01-29T08:33:07.786Z", "user": 1, "content_type": 17, "object_id": "11", "object_repr": "id: 11", "action_flag": 2, "change_message": "update through import_export"}}, {"model": "admin.logentry", "pk": 319, "fields": {"action_time": "2021-01-29T08:33:07.881Z", "user": 1, "content_type": 17, "object_id": "12", "object_repr": "id: 12", "action_flag": 2, "change_message": "update through import_export"}}, {"model": "admin.logentry", "pk": 320, "fields": {"action_time": "2021-01-29T08:46:01.879Z", "user": 1, "content_type": 17, "object_id": "1", "object_repr": "id: 1", "action_flag": 2, "change_message": "[{\"changed\": {\"fields\": [\"Y\"]}}]"}}, {"model": "admin.logentry", "pk": 321, "fields": {"action_time": "2021-01-29T08:53:37.560Z", "user": 1, "content_type": 17, "object_id": "1", "object_repr": "id: 1", "action_flag": 2, "change_message": "update through import_export"}}, {"model": "admin.logentry", "pk": 322, "fields": {"action_time": "2021-01-29T08:53:37.650Z", "user": 1, "content_type": 17, "object_id": "2", "object_repr": "id: 2", "action_flag": 2, "change_message": "update through import_export"}}, {"model": "admin.logentry", "pk": 323, "fields": {"action_time": "2021-01-29T08:53:37.725Z", "user": 1, "content_type": 17, "object_id": "3", "object_repr": "id: 3", "action_flag": 2, "change_message": "update through import_export"}}, {"model": "admin.logentry", "pk": 324, "fields": {"action_time": "2021-01-29T08:53:37.799Z", "user": 1, "content_type": 17, "object_id": "4", "object_repr": "id: 4", "action_flag": 2, "change_message": "update through import_export"}}, {"model": "admin.logentry", "pk": 325, "fields": {"action_time": "2021-01-29T08:53:37.870Z", "user": 1, "content_type": 17, "object_id": "5", "object_repr": "id: 5", "action_flag": 2, "change_message": "update through import_export"}}, {"model": "admin.logentry", "pk": 326, "fields": {"action_time": "2021-01-29T08:53:37.943Z", "user": 1, "content_type": 17, "object_id": "6", "object_repr": "id: 6", "action_flag": 2, "change_message": "update through import_export"}}, {"model": "admin.logentry", "pk": 327, "fields": {"action_time": "2021-01-29T08:53:38.006Z", "user": 1, "content_type": 17, "object_id": "7", "object_repr": "id: 7", "action_flag": 2, "change_message": "update through import_export"}}, {"model": "admin.logentry", "pk": 328, "fields": {"action_time": "2021-01-29T08:53:38.124Z", "user": 1, "content_type": 17, "object_id": "8", "object_repr": "id: 8", "action_flag": 2, "change_message": "update through import_export"}}, {"model": "admin.logentry", "pk": 329, "fields": {"action_time": "2021-01-29T08:53:38.191Z", "user": 1, "content_type": 17, "object_id": "9", "object_repr": "id: 9", "action_flag": 2, "change_message": "update through import_export"}}, {"model": "admin.logentry", "pk": 330, "fields": {"action_time": "2021-01-29T08:53:38.271Z", "user": 1, "content_type": 17, "object_id": "10", "object_repr": "id: 10", "action_flag": 2, "change_message": "update through import_export"}}, {"model": "admin.logentry", "pk": 331, "fields": {"action_time": "2021-01-29T08:53:38.341Z", "user": 1, "content_type": 17, "object_id": "11", "object_repr": "id: 11", "action_flag": 2, "change_message": "update through import_export"}}, {"model": "admin.logentry", "pk": 332, "fields": {"action_time": "2021-01-29T08:53:38.408Z", "user": 1, "content_type": 17, "object_id": "12", "object_repr": "id: 12", "action_flag": 2, "change_message": "update through import_export"}}, {"model": "admin.logentry", "pk": 333, "fields": {"action_time": "2021-01-29T08:54:41.349Z", "user": 1, "content_type": 17, "object_id": "1", "object_repr": "id: 1", "action_flag": 2, "change_message": "update through import_export"}}, {"model": "admin.logentry", "pk": 334, "fields": {"action_time": "2021-01-29T08:54:41.426Z", "user": 1, "content_type": 17, "object_id": "2", "object_repr": "id: 2", "action_flag": 2, "change_message": "update through import_export"}}, {"model": "admin.logentry", "pk": 335, "fields": {"action_time": "2021-01-29T08:54:41.527Z", "user": 1, "content_type": 17, "object_id": "3", "object_repr": "id: 3", "action_flag": 2, "change_message": "update through import_export"}}, {"model": "admin.logentry", "pk": 336, "fields": {"action_time": "2021-01-29T08:54:41.623Z", "user": 1, "content_type": 17, "object_id": "4", "object_repr": "id: 4", "action_flag": 2, "change_message": "update through import_export"}}, {"model": "admin.logentry", "pk": 337, "fields": {"action_time": "2021-01-29T08:54:41.727Z", "user": 1, "content_type": 17, "object_id": "5", "object_repr": "id: 5", "action_flag": 2, "change_message": "update through import_export"}}, {"model": "admin.logentry", "pk": 338, "fields": {"action_time": "2021-01-29T08:54:41.872Z", "user": 1, "content_type": 17, "object_id": "6", "object_repr": "id: 6", "action_flag": 2, "change_message": "update through import_export"}}, {"model": "admin.logentry", "pk": 339, "fields": {"action_time": "2021-01-29T08:54:41.966Z", "user": 1, "content_type": 17, "object_id": "7", "object_repr": "id: 7", "action_flag": 2, "change_message": "update through import_export"}}, {"model": "admin.logentry", "pk": 340, "fields": {"action_time": "2021-01-29T08:54:42.049Z", "user": 1, "content_type": 17, "object_id": "8", "object_repr": "id: 8", "action_flag": 2, "change_message": "update through import_export"}}, {"model": "admin.logentry", "pk": 341, "fields": {"action_time": "2021-01-29T08:54:42.131Z", "user": 1, "content_type": 17, "object_id": "9", "object_repr": "id: 9", "action_flag": 2, "change_message": "update through import_export"}}, {"model": "admin.logentry", "pk": 342, "fields": {"action_time": "2021-01-29T08:54:42.214Z", "user": 1, "content_type": 17, "object_id": "10", "object_repr": "id: 10", "action_flag": 2, "change_message": "update through import_export"}}, {"model": "admin.logentry", "pk": 343, "fields": {"action_time": "2021-01-29T08:54:42.345Z", "user": 1, "content_type": 17, "object_id": "11", "object_repr": "id: 11", "action_flag": 2, "change_message": "update through import_export"}}, {"model": "admin.logentry", "pk": 344, "fields": {"action_time": "2021-01-29T08:54:42.429Z", "user": 1, "content_type": 17, "object_id": "12", "object_repr": "id: 12", "action_flag": 2, "change_message": "update through import_export"}}]